.model_id,.model_desc,.key,.index,.value,.conf_lo,.conf_hi,mean,low,high
1,GLMNET,prediction,06/01/2019,4.765102646,4.169079245,5.361126047,116.3431614,63.65589245,211.9646196
1,GLMNET,prediction,13/01/2019,5.878462339,5.282438938,6.474485739,356.259475,195.8493938,647.3857026
1,GLMNET,prediction,20/01/2019,5.902714303,5.306690902,6.498737704,365.0296361,200.6817384,663.3025571
1,GLMNET,prediction,27/01/2019,5.369550633,4.773527233,5.965574034,213.7663372,117.335905,388.776709
1,GLMNET,prediction,03/02/2019,5.279101669,4.683078269,5.87512507,195.1935495,107.1023289,355.0691916
1,GLMNET,prediction,10/02/2019,5.01151647,4.415493069,5.607539871,149.1322346,81.7226188,271.4730937
1,GLMNET,prediction,17/02/2019,5.071137113,4.475113712,5.667160514,158.3554295,86.8045843,288.2121535
1,GLMNET,prediction,24/02/2019,5.392319596,4.796296195,5.988342996,218.7124389,120.061199,397.7533265
1,GLMNET,prediction,03/03/2019,5.043077082,4.447053681,5.639100483,153.946064,84.375031,280.2096517
1,GLMNET,prediction,10/03/2019,4.9773259,4.381302499,5.573349301,144.0858883,78.94209013,262.3145436
1,GLMNET,prediction,17/03/2019,4.853511573,4.257488172,5.449534974,127.189748,69.63234414,231.6499524
1,GLMNET,prediction,24/03/2019,4.673362807,4.077339406,5.269386208,106.0571503,57.98831693,193.2966681
1,GLMNET,prediction,31/03/2019,4.647896181,4.05187278,5.243919581,103.3651889,56.50505056,188.4110614
1,GLMNET,prediction,07/04/2019,4.714095376,4.118071975,5.310118777,110.5078928,60.44066885,201.3742643
1,GLMNET,prediction,14/04/2019,4.699698518,4.103675117,5.295721919,108.9140303,59.5624532,198.4815834
1,GLMNET,prediction,21/04/2019,4.87776848,4.28174508,5.473791881,130.337255,71.36661538,237.3623229
1,GLMNET,prediction,28/04/2019,5.10864453,4.512621129,5.704667931,164.4459458,90.16044892,299.2657544
1,GLMNET,prediction,05/05/2019,5.097773501,4.501750101,5.693796902,162.657119,89.17480827,296.0192354
1,GLMNET,prediction,12/05/2019,5.500412278,4.904388878,6.096435679,243.7928342,133.8804563,443.2714188
1,GLMNET,prediction,19/05/2019,5.859972644,5.263949243,6.455996044,349.7145496,192.2431504,635.5074003
1,GLMNET,prediction,26/05/2019,5.954678988,5.358655587,6.550702389,384.5531237,211.4391485,698.7354878
1,GLMNET,prediction,02/06/2019,6.044033438,5.448010037,6.640056839,420.5900674,231.2954463,764.1384812
1,GLMNET,prediction,09/06/2019,6.118074162,5.522050761,6.714097562,452.9895416,249.1475042,822.939877
1,GLMNET,prediction,16/06/2019,6.13923723,5.54321383,6.735260631,462.6997399,254.4978078,840.5627931
1,GLMNET,prediction,23/06/2019,6.165492029,5.569468629,6.76151543,475.0353087,261.2946863,862.9504609
1,GLMNET,prediction,30/06/2019,6.221613153,5.625589752,6.817636554,502.5148237,276.4358547,912.8226851
1,GLMNET,prediction,07/07/2019,6.278639074,5.596434295,6.960843853,532.0627111,268.4638637,1053.523045
1,GLMNET,prediction,14/07/2019,6.493079475,5.810874696,7.175284254,659.5543952,332.9110686,1305.731492
1,GLMNET,prediction,21/07/2019,6.466132128,5.783927349,7.148336907,641.9919007,324.0332058,1270.98876
1,GLMNET,prediction,28/07/2019,6.374403513,5.692198733,7.056608292,585.635406,295.5449276,1159.502398
1,GLMNET,prediction,04/08/2019,6.345997894,5.663793114,7.028202673,569.206111,287.2398985,1127.0014
1,GLMNET,prediction,11/08/2019,6.193616315,5.511411536,6.875821094,488.6135051,246.500236,967.5703266
1,GLMNET,prediction,18/08/2019,6.166263376,5.484058597,6.848468156,475.4026387,239.8221266,941.4361349
1,GLMNET,prediction,25/08/2019,6.134998502,5.452793723,6.817203282,460.7384025,232.4093369,912.426837
1,GLMNET,prediction,01/09/2019,6.019829121,5.337624341,6.7020339,410.5082715,207.0179432,813.0598589
1,GLMNET,prediction,08/09/2019,5.85945014,5.17724536,6.541654919,349.5313477,176.1940324,692.4332047
1,GLMNET,prediction,15/09/2019,5.672737999,4.99053322,6.354942779,289.8297369,146.0147938,574.3294187
1,GLMNET,prediction,22/09/2019,5.754174783,5.071970004,6.436379563,314.5050801,158.4882105,623.1430337
1,GLMNET,prediction,29/09/2019,5.694354831,5.012150052,6.37655961,296.1849972,149.2273858,586.9016137
1,GLMNET,prediction,06/10/2019,5.53830002,4.856095241,6.2205048,253.2454199,127.5213761,501.9570606
1,GLMNET,prediction,13/10/2019,5.432059363,4.749854584,6.114264143,227.6195717,114.5674779,451.2631237
1,GLMNET,prediction,20/10/2019,5.495374712,4.813169933,6.177579491,242.562775,122.1212858,480.8242839
1,GLMNET,prediction,27/10/2019,5.61231574,4.930110961,6.294520519,272.777502,137.3948679,540.5960993
1,GLMNET,prediction,03/11/2019,5.710605545,5.028400766,6.392810324,301.0539202,151.6886325,596.5334852
1,GLMNET,prediction,10/11/2019,5.855041728,5.172836948,6.537246507,347.9894622,175.4146073,689.3829936
1,GLMNET,prediction,17/11/2019,5.949167812,5.266963033,6.631372592,382.4341172,192.8264233,757.5225983
1,GLMNET,prediction,24/11/2019,5.99845131,5.31624653,6.680656089,401.8044908,202.6181712,795.8417397
1,GLMNET,prediction,01/12/2019,5.879645217,5.197440438,6.561849997,356.6823197,179.8088576,706.5795041
1,GLMNET,prediction,08/12/2019,5.793088684,5.110883904,6.475293463,327.0246256,164.8168564,647.9096306
1,GLMNET,prediction,15/12/2019,5.794425705,5.112220926,6.476630484,327.4634949,165.0387053,648.7778169
1,GLMNET,prediction,22/12/2019,5.607226737,4.925021957,6.289431516,271.3877865,136.692365,537.8469161
1,GLMNET,prediction,29/12/2019,5.517372388,4.835167608,6.199577167,247.9799541,124.8596766,491.5407346
1,GLMNET,prediction,05/01/2020,6.019762397,5.595106423,6.444418372,410.4808152,268.1062877,628.1806212
1,GLMNET,prediction,12/01/2020,6.005107431,5.580451457,6.429763405,404.4945491,264.1913012,619.0272355
1,GLMNET,prediction,19/01/2020,5.951912238,5.527256264,6.376568212,383.4878689,250.4530429,586.9066709
1,GLMNET,prediction,26/01/2020,5.97391744,5.549261466,6.398573414,392.0423787,256.0476473,599.9870663
1,GLMNET,prediction,02/02/2020,5.826651533,5.401995559,6.251307508,338.2209054,220.848687,517.6905734
1,GLMNET,prediction,09/02/2020,5.870005792,5.445349817,6.294661766,353.251032,230.6783107,540.6726032
1,GLMNET,prediction,16/02/2020,5.944184773,5.519528799,6.368840747,380.5282024,248.5174366,582.3811505
1,GLMNET,prediction,23/02/2020,6.027875663,5.603219689,6.452531638,413.8328481,270.2984996,633.306095
1,GLMNET,prediction,01/03/2020,5.914553486,5.489897512,6.33920946,369.3888819,241.2323796,565.3484133
1,GLMNET,prediction,08/03/2020,5.977609736,5.552953762,6.40226571,393.4962901,256.9984977,602.2101904
1,GLMNET,prediction,15/03/2020,5.990568301,5.565912327,6.415224275,398.6416622,260.3635439,610.077795
1,GLMNET,prediction,22/03/2020,5.993990784,5.569334809,6.418646758,400.011772,261.2595886,612.1727811
1,GLMNET,prediction,29/03/2020,5.996776179,5.572120204,6.421432153,401.1303053,261.9911035,613.8830904
1,GLMNET,prediction,05/04/2020,6.015500941,5.590844967,6.440156915,408.7310387,266.9619431,625.5051004
1,GLMNET,prediction,12/04/2020,5.825413958,5.400757984,6.250069932,337.8013535,220.5743023,517.0490516
1,GLMNET,prediction,19/04/2020,5.951453176,5.526797202,6.37610915,383.3114056,250.3376368,586.6368472
1,GLMNET,prediction,26/04/2020,5.954808565,5.530152591,6.379464539,384.6030858,251.1823889,588.6119092
1,GLMNET,prediction,03/05/2020,6.066044277,5.641388302,6.490700251,429.9724972,280.8537452,657.9846562
1,GLMNET,prediction,10/05/2020,6.084390439,5.659734465,6.509046413,437.9521629,286.0724045,670.186078
1,GLMNET,prediction,17/05/2020,6.299956056,5.875300081,6.72461203,543.5479798,355.1315131,831.6488709
1,GLMNET,prediction,24/05/2020,6.478058461,6.053402487,6.902714435,649.7063472,424.5585267,993.9718398
1,GLMNET,prediction,31/05/2020,6.613758767,6.189102793,7.038414741,744.2790912,486.4086036,1138.579646
1,GLMNET,prediction,07/06/2020,6.71117572,6.286519746,7.135831695,820.5359685,536.2802001,1255.181314
1,GLMNET,prediction,14/06/2020,6.862685728,6.438029754,7.287341703,954.9309939,624.1738394,1460.679948
1,GLMNET,prediction,21/06/2020,7.102744348,6.678088374,7.527400322,1214.297702,793.7983014,1857.268319
1,GLMNET,prediction,28/06/2020,7.263396862,6.838740887,7.688052836,1426.095961,932.3132482,2181.121474
1,GLMNET,prediction,05/07/2020,7.36566759,7.051435809,7.679899371,1579.770381,1153.515217,2163.401959
1,GLMNET,prediction,12/07/2020,7.359345625,7.045113844,7.673577406,1569.808328,1146.239435,2149.761847
1,GLMNET,prediction,19/07/2020,7.416938624,7.102706843,7.731170405,1662.931782,1214.252124,2277.267137
1,GLMNET,prediction,26/07/2020,7.367330463,7.053098682,7.681562244,1582.401188,1155.436626,2167.004079
1,GLMNET,prediction,02/08/2020,7.417664075,7.103432294,7.731895856,1664.139321,1215.134049,2278.920507
1,GLMNET,prediction,09/08/2020,7.266257675,6.952025894,7.580489456,1430.184462,1044.265182,1958.587863
1,GLMNET,prediction,16/08/2020,7.328381584,7.014149803,7.642613365,1521.915067,1111.260604,2084.186055
1,GLMNET,prediction,23/08/2020,7.229680148,6.915448367,7.543911929,1378.781107,1006.722756,1888.206028
1,GLMNET,prediction,30/08/2020,7.067020277,6.752788496,7.381252058,1171.648655,855.4436255,1604.598812
1,GLMNET,prediction,06/09/2020,6.995606847,6.681375066,7.309838628,1090.826048,796.4148569,1493.935929
1,GLMNET,prediction,13/09/2020,6.897967943,6.583736162,7.212199723,989.2604037,722.2364159,1354.871532
1,GLMNET,prediction,20/09/2020,6.686307986,6.372076205,7.000539767,800.3581584,584.2717126,1096.225245
1,GLMNET,prediction,27/09/2020,6.582359457,6.268127676,6.896591237,721.2414177,526.4888225,987.8980451
1,GLMNET,prediction,04/10/2020,6.511202257,6.196970476,6.825434037,671.6346111,490.2585049,919.9760554
1,GLMNET,prediction,11/10/2020,6.47334768,6.1591159,6.787579461,646.6482212,472.0097018,885.7645142
1,GLMNET,prediction,18/10/2020,6.404767038,6.090535257,6.718998819,603.7209052,440.6577483,826.9881302
1,GLMNET,prediction,25/10/2020,6.44792085,6.133689069,6.762152631,630.3881766,460.1341827,863.5011463
1,GLMNET,prediction,01/11/2020,6.434309246,6.120077465,6.748541027,621.8521967,453.8999321,851.8136225
1,GLMNET,prediction,08/11/2020,6.220999223,5.906767442,6.535231004,502.2057956,366.5162156,687.9929258
1,GLMNET,prediction,15/11/2020,6.122579043,5.808347262,6.436810824,455.0393242,332.0681961,623.4122604
1,GLMNET,prediction,22/11/2020,6.03859629,5.724364509,6.352828071,418.3040403,305.2385915,573.1140505
1,GLMNET,prediction,29/11/2020,5.828424295,5.514192514,6.142656076,338.8227966,247.1894869,464.2877709
1,GLMNET,prediction,06/12/2020,5.786699929,5.472468148,6.10093171,324.9356369,237.0470035,445.2733737
1,GLMNET,prediction,13/12/2020,5.664503128,5.350271347,5.978734908,287.4446253,209.6654535,393.9404162
1,GLMNET,prediction,20/12/2020,5.657544651,5.343312871,5.971776432,285.4444574,208.2046314,391.2017722
1,GLMNET,prediction,27/12/2020,5.662114098,5.347882317,5.976345879,286.7563451,209.1627682,392.998018
1,GLMNET,prediction,03/01/2021,5.530466607,4.762285972,6.298647242,251.2615905,116.0131091,542.8357339
1,GLMNET,prediction,10/01/2021,5.48139669,4.713216055,6.249577325,239.1819329,110.4098847,516.7939198
1,GLMNET,prediction,17/01/2021,5.480584865,4.71240423,6.2487655,238.9870263,110.3194761,516.3737323
1,GLMNET,prediction,24/01/2021,5.366807093,4.598626459,6.134987728,213.1779247,98.34776362,460.7334277
1,GLMNET,prediction,31/01/2021,5.281544467,4.513363832,6.049725102,195.6733964,90.22817922,422.9964581
1,GLMNET,prediction,07/02/2021,5.177705866,4.409525231,5.945886501,176.27565,81.23041379,381.1780122
1,GLMNET,prediction,14/02/2021,5.070577852,4.302397217,5.838758486,158.2663331,72.87668002,342.3527988
1,GLMNET,prediction,21/02/2021,5.101869613,4.333688978,5.870050248,163.3288516,75.22496077,353.266781
1,GLMNET,prediction,28/02/2021,4.991739394,4.223558759,5.759920029,146.1922262,67.27603038,316.3229511
1,GLMNET,prediction,07/03/2021,5.048164632,4.279983998,5.816345267,154.7363685,71.23928399,334.7427585
1,GLMNET,prediction,14/03/2021,4.986715698,4.218535063,5.754896333,145.4546315,66.93389248,314.7328146
1,GLMNET,prediction,21/03/2021,4.959601111,4.191420476,5.727781746,141.5369281,65.11664141,306.2868714
1,GLMNET,prediction,28/03/2021,4.967040324,4.198859689,5.735220958,142.6012446,65.61033121,308.5813678
1,GLMNET,prediction,04/04/2021,4.96541833,4.197237695,5.733598965,142.3685131,65.50237727,308.0796359
1,GLMNET,prediction,11/04/2021,4.980641247,4.212460612,5.748821881,144.5676965,66.52248219,312.8207244
1,GLMNET,prediction,18/04/2021,4.951236448,4.183055813,5.719417082,140.3496273,64.56590453,303.7272403
1,GLMNET,prediction,25/04/2021,4.955897021,4.187716386,5.724077655,141.0099351,64.87219239,305.1507585
1,GLMNET,prediction,02/05/2021,5.119873138,4.351692503,5.888053773,166.3141425,76.60970652,359.7025917
1,GLMNET,prediction,09/05/2021,4.911151094,4.142970459,5.679331729,134.7956381,61.98965204,291.7537258
1,GLMNET,prediction,16/05/2021,5.067534877,4.299354243,5.835715512,157.7824264,72.65221687,341.3095731
1,GLMNET,prediction,23/05/2021,5.010181822,4.242001187,5.778362457,148.9319946,68.54688901,322.2294546
1,GLMNET,prediction,30/05/2021,5.134579676,4.366399041,5.902760311,168.7929368,77.75951069,365.0464766
1,GLMNET,prediction,06/06/2021,5.29573299,4.527552355,6.063913625,198.4837921,91.53179873,429.0552226
1,GLMNET,prediction,13/06/2021,5.276695102,4.508514467,6.044875737,194.7219641,89.78685141,420.9453218
1,GLMNET,prediction,20/06/2021,5.238433982,4.470253347,6.006614617,187.3748729,86.3788574,405.1061655
1,GLMNET,prediction,27/06/2021,5.192666472,4.424485837,5.960847106,178.9477393,82.46987905,386.9386104
1,GLMNET,prediction,04/07/2021,5.005681965,4.500341297,5.511022633,148.2588378,89.04785914,246.4040013
1,GLMNET,prediction,11/07/2021,4.911089015,4.405748347,5.416429683,134.7872082,80.92042483,224.0741004
1,GLMNET,prediction,18/07/2021,4.816890026,4.311549358,5.322230694,122.5801614,73.5559133,203.8403088
1,GLMNET,prediction,25/07/2021,4.492651704,3.987311036,4.997992372,88.35808319,52.90973297,147.1154996
1,GLMNET,prediction,01/08/2021,4.522599087,4.017258419,5.027939755,91.07459718,54.5486059,151.6182576
1,GLMNET,prediction,08/08/2021,4.55995294,4.054612272,5.065293608,94.57898175,56.66280117,157.4269506
1,GLMNET,prediction,15/08/2021,4.35557564,3.850234972,4.860916308,76.9116615,46.00410659,128.1424822
1,GLMNET,prediction,22/08/2021,4.343878642,3.838537974,4.84921931,76.00563815,45.45750268,126.6407031
1,GLMNET,prediction,29/08/2021,4.147587222,3.642246554,4.65292789,62.28113262,37.17750829,103.8916476
1,GLMNET,prediction,05/09/2021,4.080331646,3.574990978,4.585672314,58.16508848,34.69429879,97.06909823
1,GLMNET,prediction,12/09/2021,4.01408681,3.508746142,4.519427478,54.37270652,32.4063547,90.78303515
1,GLMNET,prediction,19/09/2021,4.162316959,3.656976291,4.667657627,63.22014579,37.74401495,105.448109
1,GLMNET,prediction,26/09/2021,4.413025215,3.907684547,4.918365883,81.5187232,48.78354698,135.7789178
1,GLMNET,prediction,03/10/2021,4.710449541,4.205108873,5.215790209,110.1020936,66.02789479,183.1572862
1,GLMNET,prediction,10/10/2021,4.737944335,4.232603667,5.243285003,113.1992049,67.89638208,188.2909033
1,GLMNET,prediction,17/10/2021,4.736600336,4.231259668,5.241941004,113.0458244,67.80384763,188.0366675
1,GLMNET,prediction,24/10/2021,4.691120619,4.185779951,5.196461287,107.9752311,64.74475861,179.631905
1,GLMNET,prediction,31/10/2021,4.427987633,3.922646965,4.933328301,82.76268594,49.53402972,137.8408483
1,GLMNET,prediction,07/11/2021,4.413984976,3.908644309,4.919325644,81.59795947,48.83135022,135.9102559
1,GLMNET,prediction,14/11/2021,4.310808154,3.805467486,4.816148822,73.50067266,43.94625696,122.4885973
1,GLMNET,prediction,21/11/2021,4.015934716,3.510594048,4.521275384,54.47512468,32.46814357,90.95279837
1,GLMNET,prediction,28/11/2021,4.229641007,3.724300339,4.734981675,67.6925676,40.4422271,112.8613722
1,GLMNET,prediction,05/12/2021,4.343529149,3.838188481,4.848869817,75.97872992,45.44126895,126.5961014
1,GLMNET,prediction,12/12/2021,4.102671969,3.597331301,4.608012637,59.50173055,35.50069497,99.28464943
1,GLMNET,prediction,19/12/2021,4.305532594,3.800191926,4.810873262,73.10867476,43.70976463,121.8388411
1,GLMNET,prediction,26/12/2021,4.251712836,3.746372168,4.757053503,69.22559428,41.36710212,115.4024407
1,GLMNET,prediction,02/01/2022,4.325191339,3.726531989,4.92385069,74.5799729,40.5348149,136.5311848
1,GLMNET,prediction,09/01/2022,4.457477571,3.858818221,5.056136922,85.26962542,46.40929093,155.9829062
1,GLMNET,prediction,16/01/2022,4.721694991,4.123035641,5.320354341,111.3585381,60.74639792,203.4563165
1,GLMNET,prediction,23/01/2022,5.019494111,4.420834761,5.618153462,150.3347259,82.16567985,274.380413
1,GLMNET,prediction,30/01/2022,5.282576866,4.683917516,5.881236217,195.8765468,107.1930916,357.2518449
1,GLMNET,prediction,06/02/2022,5.194830415,4.596171064,5.793489765,179.3375576,98.10412491,327.1562166
1,GLMNET,prediction,13/02/2022,5.112891516,4.514232165,5.711550866,165.1500866,90.3074301,301.3395932
1,GLMNET,prediction,20/02/2022,5.119272443,4.520613093,5.717931794,166.2136679,90.89191898,303.2749683
1,GLMNET,prediction,27/02/2022,5.351601846,4.752942496,5.950261197,209.9459303,114.9248916,382.8535872
1,GLMNET,prediction,06/03/2022,5.474774774,4.876115423,6.073434124,237.5967226,130.1203263,433.169115
1,GLMNET,prediction,13/03/2022,5.704560929,5.105901578,6.303220279,299.2336271,163.9927574,545.3284104
1,GLMNET,prediction,20/03/2022,5.992840901,5.394181551,6.591500252,399.5509207,219.1219147,727.8735438
1,GLMNET,prediction,27/03/2022,6.195033568,5.596374217,6.793692918,489.3079033,268.4476755,891.2023158
1,GLMNET,prediction,03/04/2022,6.274575267,5.675915916,6.873234617,529.9008425,290.7554397,965.0683787
1,GLMNET,prediction,10/04/2022,6.4059866,5.80732725,7.004645951,604.45885,331.7286357,1100.739916
1,GLMNET,prediction,17/04/2022,6.58803618,5.98937683,7.186695531,725.3530419,398.1657842,1320.728371
1,GLMNET,prediction,24/04/2022,6.727170175,6.128510824,7.325829525,833.7816342,457.7524887,1518.033453
1,GLMNET,prediction,01/05/2022,6.976506597,6.377847247,7.575165948,1070.169796,587.6591048,1948.183698
1,GLMNET,prediction,08/05/2022,7.102277937,6.503618586,7.700937287,1213.731006,666.5528654,2209.418818
1,GLMNET,prediction,15/05/2022,7.012471214,6.413811863,7.611130564,1109.395141,609.2153108,2019.561181
1,GLMNET,prediction,22/05/2022,7.302419757,6.703760406,7.901079107,1482.88623,814.4665521,2699.194556
1,GLMNET,prediction,29/05/2022,7.309208448,6.710549097,7.907867798,1492.994146,820.0213362,2717.587704
1,GLMNET,prediction,05/06/2022,7.424270152,6.825610802,8.022929503,1675.175773,920.1388653,3049.099532
1,GLMNET,prediction,12/06/2022,7.415960889,6.817301539,8.014620239,1661.305692,912.5165918,3023.860457
1,GLMNET,prediction,19/06/2022,7.365198595,6.766539244,7.963857945,1579.029181,867.3017081,2874.143731
1,GLMNET,prediction,26/06/2022,7.225578867,6.626919516,7.824238217,1373.133826,754.1523495,2499.480562
1,GLMNET,prediction,03/07/2022,7.340724907,6.862277491,7.819172323,1540.829391,954.5408264,2486.845424
1,GLMNET,prediction,10/07/2022,7.365867952,6.887420535,7.844315368,1580.087138,978.8706129,2550.190439
1,GLMNET,prediction,17/07/2022,7.344416578,6.865969161,7.822863994,1546.531837,958.0748877,2496.046703
1,GLMNET,prediction,24/07/2022,7.083117286,6.604669869,7.561564702,1190.677534,737.5360156,1921.851851
1,GLMNET,prediction,31/07/2022,7.101841325,6.623393909,7.580288742,1213.200756,751.4946667,1958.194585
1,GLMNET,prediction,07/08/2022,7.169236483,6.690789067,7.6476839,1297.852529,803.9571668,2094.785913
1,GLMNET,prediction,14/08/2022,7.045678389,6.567230973,7.524125805,1146.887286,710.3972349,1851.19334
1,GLMNET,prediction,21/08/2022,7.025236672,6.546789256,7.503684089,1123.660704,696.0026802,1813.715688
1,GLMNET,prediction,28/08/2022,6.78897588,6.310528464,7.267423297,887.0036741,549.3357047,1431.853654
1,GLMNET,prediction,04/09/2022,6.667074875,6.188627459,7.145522291,785.0928185,486.1769767,1267.413634
1,GLMNET,prediction,11/09/2022,6.570144481,6.091697065,7.048591898,712.4729191,441.1711679,1150.236542
1,GLMNET,prediction,18/09/2022,6.612562298,6.134114882,7.091009714,743.3879208,460.330581,1200.119976
1,GLMNET,prediction,25/09/2022,6.562003501,6.083556085,7.040450918,706.6881293,437.5860743,1140.902394
1,GLMNET,prediction,02/10/2022,6.406458982,5.928011566,6.884906398,604.7449253,374.4072984,976.4101782
1,GLMNET,prediction,09/10/2022,6.235767256,5.75731984,6.714214673,509.6923001,315.4989234,823.0363745
1,GLMNET,prediction,16/10/2022,6.192777844,5.714330428,6.671225261,488.2031508,302.1811338,788.3621867
1,GLMNET,prediction,23/10/2022,6.150173353,5.671725937,6.62862077,467.7986476,289.535548,755.4381485
1,GLMNET,prediction,30/10/2022,6.171323078,5.692875662,6.649770495,477.8192026,295.7457353,771.6069878
1,GLMNET,prediction,06/11/2022,5.947446948,5.468999532,6.425894364,381.7748464,236.2227401,616.6329594
1,GLMNET,prediction,13/11/2022,5.966115446,5.48766803,6.444562863,388.987796,240.6929285,628.2715387
1,GLMNET,prediction,20/11/2022,5.890703427,5.41225601,6.369150843,360.6595959,223.1366724,582.5620825
1,GLMNET,prediction,27/11/2022,5.980364053,5.501916637,6.458811469,394.5843557,244.1613676,637.3019642
1,GLMNET,prediction,04/12/2022,5.90562466,5.427177244,6.384072077,366.0964648,226.5061439,591.3348362
1,GLMNET,prediction,11/12/2022,5.7748157,5.296368284,6.253263116,321.0850689,198.610563,518.7059216
1,GLMNET,prediction,18/12/2022,5.93472784,5.456280424,6.413175257,376.9371229,233.2245859,608.8269672
1,GLMNET,prediction,25/12/2022,5.943589988,5.465142572,6.422037405,380.3013427,235.3095438,614.2553622
2,GLMNET,prediction,06/01/2019,4.950750745,4.26260906,5.638892429,140.2809901,69.9949722,280.1511512
2,GLMNET,prediction,13/01/2019,5.102991581,4.414849896,5.791133265,163.5133268,81.66943098,326.3838269
2,GLMNET,prediction,20/01/2019,4.78559354,4.097451856,5.473735224,118.7724317,59.18672756,237.3488184
2,GLMNET,prediction,27/01/2019,5.794700333,5.106558649,6.482842018,327.5537126,164.1012049,652.8264947
2,GLMNET,prediction,03/02/2019,5.805190323,5.117048639,6.493332007,331.0183781,165.8422305,659.7212276
2,GLMNET,prediction,10/02/2019,5.313176621,4.625034936,6.001318305,201.9940404,101.0063368,402.9609865
2,GLMNET,prediction,17/02/2019,5.166819874,4.47867819,5.854961559,174.3562947,87.11812023,347.9614852
2,GLMNET,prediction,24/02/2019,4.910148189,4.222006505,5.598289874,134.6595162,67.17013085,268.9643393
2,GLMNET,prediction,03/03/2019,5.015915148,4.327773464,5.704056833,149.7940726,74.77538199,299.0823188
2,GLMNET,prediction,10/03/2019,5.290100337,4.601958653,5.978242022,197.3633276,98.67936183,393.7458032
2,GLMNET,prediction,17/03/2019,5.027449157,4.339307473,5.715590842,151.5434018,75.65443568,302.5635083
2,GLMNET,prediction,24/03/2019,4.963016688,4.274875004,5.651158373,142.0246064,70.87115513,283.6209721
2,GLMNET,prediction,31/03/2019,4.864112229,4.175970544,5.552253913,128.5558716,64.10299434,256.8180009
2,GLMNET,prediction,07/04/2019,4.685319886,3.997178201,5.37346157,107.3449248,53.44430221,214.6079194
2,GLMNET,prediction,14/04/2019,4.626855739,3.938714055,5.314997424,101.1922394,50.3525223,202.3639892
2,GLMNET,prediction,21/04/2019,4.781324138,4.093182453,5.469465822,118.2621651,58.93031396,236.3333807
2,GLMNET,prediction,28/04/2019,4.825494841,4.137353157,5.513636526,123.6481342,61.63681204,247.0515347
2,GLMNET,prediction,05/05/2019,5.009890343,4.321748659,5.698032027,148.888299,74.32022256,297.2798165
2,GLMNET,prediction,12/05/2019,5.28519337,4.597051686,5.973335055,196.3923496,98.19143658,391.8135432
2,GLMNET,prediction,19/05/2019,5.2621287,4.573987015,5.950270384,191.891663,95.92980096,382.8571138
2,GLMNET,prediction,26/05/2019,5.745072741,5.056931057,6.433214425,311.6463692,156.1076213,621.1706583
2,GLMNET,prediction,02/06/2019,6.071047997,5.382906313,6.759189682,432.1343674,216.6539275,860.9434641
2,GLMNET,prediction,09/06/2019,6.015147453,5.327005768,6.703289137,408.5862291,204.8207755,814.0823387
2,GLMNET,prediction,16/06/2019,6.129138643,5.440996959,6.817280328,458.0405926,229.6720394,912.4972155
2,GLMNET,prediction,23/06/2019,6.162942463,5.474800779,6.851084148,473.823171,237.6029274,943.9047678
2,GLMNET,prediction,30/06/2019,6.168669766,5.480528081,6.85681145,476.5504294,238.9733993,949.3320501
2,GLMNET,prediction,07/07/2019,6.271388738,5.504894332,7.037883144,528.2118042,244.8924712,1137.974009
2,GLMNET,prediction,14/07/2019,6.246120633,5.479626227,7.01261504,515.0071559,238.757076,1109.554856
2,GLMNET,prediction,21/07/2019,6.234905946,5.46841154,7.001400352,509.2526248,236.0832961,1097.169907
2,GLMNET,prediction,28/07/2019,6.331112083,5.564617677,7.09760649,560.7809939,260.0253887,1208.069688
2,GLMNET,prediction,04/08/2019,6.320721877,5.55422747,7.087216283,554.9741924,257.3273219,1195.572241
2,GLMNET,prediction,11/08/2019,6.165963108,5.399468702,6.932457514,475.2596114,220.2888146,1024.009863
2,GLMNET,prediction,18/08/2019,6.153261993,5.386767587,6.919756399,469.2488361,217.4959736,1011.073423
2,GLMNET,prediction,25/08/2019,5.997351225,5.230856819,6.763845631,401.3616154,185.9529197,864.9659865
2,GLMNET,prediction,01/09/2019,5.984987215,5.218492809,6.751481621,396.4174403,183.6556629,854.3250921
2,GLMNET,prediction,08/09/2019,5.992401181,5.225906775,6.758895587,399.374829,185.0297811,860.6900084
2,GLMNET,prediction,15/09/2019,5.887014683,5.120520277,6.653509089,359.3279839,166.422453,774.5008583
2,GLMNET,prediction,22/09/2019,5.73869209,4.972197684,6.505186496,309.6578327,143.343761,667.6003491
2,GLMNET,prediction,29/09/2019,5.706705275,4.940210868,6.473199681,299.8781226,138.7997258,646.5523765
2,GLMNET,prediction,06/10/2019,5.753746343,4.987251936,6.520240749,314.3699337,145.5331872,677.7417719
2,GLMNET,prediction,13/10/2019,5.636989213,4.870494807,6.403483619,279.6165686,129.3854165,602.9452929
2,GLMNET,prediction,20/10/2019,5.559609243,4.793114837,6.32610365,258.7213287,119.676672,557.9743852
2,GLMNET,prediction,27/10/2019,5.501854226,4.73535982,6.268348632,244.1460673,112.9044364,526.6053876
2,GLMNET,prediction,03/11/2019,5.607830803,4.841336397,6.374325209,271.5523766,125.638478,585.5894723
2,GLMNET,prediction,10/11/2019,5.7088325,4.942338094,6.475326906,300.5188395,139.0974278,647.9313326
2,GLMNET,prediction,17/11/2019,5.766855767,5.000361361,6.533350173,318.5314701,147.4667995,686.6982649
2,GLMNET,prediction,24/11/2019,5.907205188,5.140710782,6.673699595,366.6771298,169.8371532,790.3177506
2,GLMNET,prediction,01/12/2019,5.97174973,5.205255324,6.738244137,391.1912998,181.2273939,843.0773494
2,GLMNET,prediction,08/12/2019,5.98357761,5.217083204,6.750072017,395.8576334,183.3955547,853.1202711
2,GLMNET,prediction,15/12/2019,5.990086966,5.22359256,6.756581372,398.4493468,184.599766,858.6981781
2,GLMNET,prediction,22/12/2019,6.018280453,5.251786047,6.78477486,409.8714753,189.906933,883.2809772
2,GLMNET,prediction,29/12/2019,5.940178972,5.173684566,6.706673379,379.0029335,175.5642029,816.845447
2,GLMNET,prediction,05/01/2020,5.756552646,5.246602662,6.26650263,315.2562003,188.9199489,525.6323251
2,GLMNET,prediction,12/01/2020,5.818554568,5.308604584,6.328504552,335.4853354,201.0680626,559.3180407
2,GLMNET,prediction,19/01/2020,6.179511541,5.669561557,6.689461525,481.7560923,288.9073987,802.8892615
2,GLMNET,prediction,26/01/2020,5.911434206,5.401484222,6.42138419,368.2353355,220.7352765,613.8535998
2,GLMNET,prediction,02/02/2020,5.926793517,5.416843533,6.436743501,373.9503123,224.1672665,623.3702244
2,GLMNET,prediction,09/02/2020,5.905241009,5.395291025,6.415190993,365.9556549,219.3662699,610.0574576
2,GLMNET,prediction,16/02/2020,5.76247005,5.252520065,6.272420034,317.1331639,190.0471136,528.7578597
2,GLMNET,prediction,23/02/2020,5.863275885,5.353325901,6.373225869,350.87496,210.3099264,584.9449654
2,GLMNET,prediction,01/03/2020,5.800388989,5.290439005,6.310338973,329.4280678,197.4305183,549.2314308
2,GLMNET,prediction,08/03/2020,5.973559355,5.463609371,6.483509339,391.9016615,234.9475115,653.262953
2,GLMNET,prediction,15/03/2020,5.912727773,5.402777789,6.422677757,368.7132752,221.0222916,614.6494688
2,GLMNET,prediction,22/03/2020,5.927903887,5.417953903,6.437853871,374.3668773,224.4174244,624.0638916
2,GLMNET,prediction,29/03/2020,5.964608766,5.454658781,6.47455875,388.4006513,232.8450652,647.4330431
2,GLMNET,prediction,05/04/2020,6.041684892,5.531734908,6.551634876,419.6011055,251.5817371,699.3882861
2,GLMNET,prediction,12/04/2020,5.991171043,5.481221059,6.501121027,398.8826156,239.1397532,664.887693
2,GLMNET,prediction,19/04/2020,6.119187402,5.609237418,6.629137386,453.4952224,271.9360225,755.8290376
2,GLMNET,prediction,26/04/2020,5.875202466,5.365252482,6.38515245,355.0967508,212.8452199,591.9751248
2,GLMNET,prediction,03/05/2020,6.018797443,5.508847459,6.528747427,410.0839465,245.8664393,683.5402377
2,GLMNET,prediction,10/05/2020,6.04130304,5.531353056,6.551253024,419.4405291,251.4853069,699.120893
2,GLMNET,prediction,17/05/2020,6.145305694,5.63535571,6.655255678,465.5222404,279.1585548,775.856523
2,GLMNET,prediction,24/05/2020,6.236110681,5.726160697,6.746060665,509.8677144,305.7891478,849.700957
2,GLMNET,prediction,31/05/2020,6.541968135,6.032018151,7.051918119,692.6504329,415.5548521,1154.072185
2,GLMNET,prediction,07/06/2020,6.638986602,6.129036618,7.148936586,763.3200403,457.9937615,1271.751774
2,GLMNET,prediction,14/06/2020,6.715170808,6.205220824,7.225120792,823.8246417,494.3283243,1372.504514
2,GLMNET,prediction,21/06/2020,6.819009533,6.309059549,7.328959517,914.0782063,548.5279016,1522.795464
2,GLMNET,prediction,28/06/2020,6.916268919,6.406318935,7.426218903,1007.549984,604.6600985,1678.445408
2,GLMNET,prediction,05/07/2020,7.151479963,6.731515426,7.571444501,1274.992981,837.4168621,1940.943395
2,GLMNET,prediction,12/07/2020,7.25250524,6.832540703,7.672469778,1410.636912,926.5444361,2147.380922
2,GLMNET,prediction,19/07/2020,7.311724422,6.891759885,7.73168896,1496.75773,983.1318528,2278.448849
2,GLMNET,prediction,26/07/2020,7.19680426,6.776839722,7.616768797,1334.157124,876.2918526,2030.985753
2,GLMNET,prediction,02/08/2020,7.157658091,6.737693554,7.577622629,1282.900631,842.6127427,1952.978108
2,GLMNET,prediction,09/08/2020,7.18631247,6.766347933,7.606277008,1320.222166,867.1356078,2009.778034
2,GLMNET,prediction,16/08/2020,7.242309175,6.822344637,7.662273712,1396.316897,917.1351824,2125.587183
2,GLMNET,prediction,23/08/2020,7.075976214,6.656011676,7.495940751,1182.197991,776.4440471,1799.717996
2,GLMNET,prediction,30/08/2020,7.114820691,6.694856153,7.534785228,1229.06303,807.2376634,1871.042254
2,GLMNET,prediction,06/09/2020,7.042035072,6.622070534,7.461999609,1142.712777,750.4994927,1739.62515
2,GLMNET,prediction,13/09/2020,6.915723788,6.49575925,7.335688325,1007.000342,661.3269062,1533.083365
2,GLMNET,prediction,20/09/2020,6.883952392,6.463987854,7.303916929,975.4781673,640.6146273,1485.109528
2,GLMNET,prediction,27/09/2020,6.840657253,6.420692716,7.260621791,934.1035326,613.4285911,1422.141158
2,GLMNET,prediction,04/10/2020,6.659364166,6.239399628,7.079328703,779.054794,511.5506977,1186.171307
2,GLMNET,prediction,11/10/2020,6.504880355,6.084915818,6.924844893,667.3956944,438.1828397,1016.236476
2,GLMNET,prediction,18/10/2020,6.477967193,6.058002656,6.897931731,649.6469616,426.5206776,989.2245453
2,GLMNET,prediction,25/10/2020,6.439841134,6.019876596,6.859805671,625.3072929,410.5278085,952.1818189
2,GLMNET,prediction,01/11/2020,6.357368475,5.937403937,6.777333012,575.7266869,377.9498738,876.7247186
2,GLMNET,prediction,08/11/2020,6.342390623,5.922426085,6.76235516,567.1529286,372.3163134,863.6762509
2,GLMNET,prediction,15/11/2020,6.288496426,5.868531888,6.708460963,537.3432811,352.7292847,818.3087223
2,GLMNET,prediction,22/11/2020,6.226848963,5.806884426,6.646813501,505.1580455,331.5813281,769.3257682
2,GLMNET,prediction,29/11/2020,6.165013368,5.74504883,6.584977905,474.8075033,311.6388937,723.1350478
2,GLMNET,prediction,06/12/2020,6.090182481,5.670217943,6.510147018,440.5019693,289.0977523,670.9251954
2,GLMNET,prediction,13/12/2020,5.889374346,5.469409808,6.309338883,360.1792403,236.3200871,548.681425
2,GLMNET,prediction,20/12/2020,5.90820785,5.488243312,6.328172387,367.0459703,240.8320101,559.1319534
2,GLMNET,prediction,27/12/2020,5.809384217,5.389419679,6.229348754,332.4137519,218.0762142,506.4249176
2,GLMNET,prediction,03/01/2021,5.656804558,4.669652961,6.643956155,285.2325401,105.6607206,767.1278223
2,GLMNET,prediction,10/01/2021,5.651504998,4.664353401,6.638656595,283.719646,105.0969609,763.0678504
2,GLMNET,prediction,17/01/2021,5.574312829,4.587161232,6.561464425,262.5683768,97.21522381,706.3067345
2,GLMNET,prediction,24/01/2021,5.493520194,4.506368597,6.480671791,242.111502,89.59224355,651.4090815
2,GLMNET,prediction,31/01/2021,5.442868182,4.455716585,6.430019779,230.1040823,85.11783951,619.1862143
2,GLMNET,prediction,07/02/2021,5.424548052,4.437396455,6.411699648,225.9087721,83.55451337,607.9277651
2,GLMNET,prediction,14/02/2021,5.261799788,4.274648192,6.248951385,191.8282292,70.85485573,516.4699134
2,GLMNET,prediction,21/02/2021,5.074554683,4.087403086,6.06170628,158.9009695,58.58495362,428.1069891
2,GLMNET,prediction,28/02/2021,5.002397582,4.015245985,5.989549178,147.7694187,54.43693038,398.2345858
2,GLMNET,prediction,07/03/2021,5.06433584,4.077184244,6.051487437,157.2752871,57.97916487,423.7443409
2,GLMNET,prediction,14/03/2021,4.824676061,3.837524464,5.811827658,123.5461165,45.41044141,333.2294248
2,GLMNET,prediction,21/03/2021,4.868506324,3.881354727,5.855657921,129.126405,47.48986113,348.2045734
2,GLMNET,prediction,28/03/2021,4.986076651,3.998925054,5.973228247,145.36107,53.5394915,391.7715902
2,GLMNET,prediction,04/04/2021,4.995789019,4.008637422,5.982940616,146.7895081,54.07177983,395.6049177
2,GLMNET,prediction,11/04/2021,5.043741639,4.056590042,6.030893235,154.0490686,56.77695779,415.0865267
2,GLMNET,prediction,18/04/2021,5.158424241,4.171272644,6.145575838,172.8902305,63.79786429,465.6482854
2,GLMNET,prediction,25/04/2021,5.137310074,4.150158477,6.124461671,169.2571726,62.44405396,455.8986852
2,GLMNET,prediction,02/05/2021,5.115248638,4.128097041,6.102400235,165.5421846,61.05971343,445.9292188
2,GLMNET,prediction,09/05/2021,5.22548942,4.238337824,6.212641017,184.952157,68.29257957,498.017426
2,GLMNET,prediction,16/05/2021,5.311240787,4.32408919,6.298392384,201.6014578,74.4967184,542.6971509
2,GLMNET,prediction,23/05/2021,5.199218072,4.212066475,6.186369668,180.1305554,66.49587432,485.0782739
2,GLMNET,prediction,30/05/2021,5.279200509,4.292048912,6.266352106,195.2129422,72.11612366,525.5530603
2,GLMNET,prediction,06/06/2021,5.358862872,4.371711275,6.346014469,211.4831884,78.1790129,569.2155621
2,GLMNET,prediction,13/06/2021,5.46573209,4.478580493,6.452883687,235.4488937,87.10951183,633.5294413
2,GLMNET,prediction,20/06/2021,5.524646439,4.537494842,6.511798036,249.7976501,92.45638364,672.0354721
2,GLMNET,prediction,27/06/2021,5.403483582,4.416331985,6.390635179,221.1790486,81.79204528,595.2351753
2,GLMNET,prediction,04/07/2021,5.205164351,4.537294677,5.873034026,181.2108169,92.43767876,354.3254129
2,GLMNET,prediction,11/07/2021,5.144686947,4.476817273,5.812556622,170.5177822,86.95429222,333.4731549
2,GLMNET,prediction,18/07/2021,5.055698328,4.387828653,5.723568002,155.9140695,79.46551062,304.9947675
2,GLMNET,prediction,25/07/2021,4.887294595,4.21942492,5.555164269,131.5943669,66.99437087,257.5694361
2,GLMNET,prediction,01/08/2021,4.810466951,4.142597277,5.478336626,121.7889406,61.96614978,238.4480842
2,GLMNET,prediction,08/08/2021,4.524379289,3.856509614,5.192248963,91.23865447,46.29996777,178.8726253
2,GLMNET,prediction,15/08/2021,4.456382659,3.788512985,5.124252334,85.17521949,43.19063925,167.0484506
2,GLMNET,prediction,22/08/2021,4.364368321,3.696498647,5.032237996,77.59973449,39.30593171,152.2756594
2,GLMNET,prediction,29/08/2021,4.227813925,3.559944251,4.8956836,67.56717524,34.16123688,132.7113804
2,GLMNET,prediction,05/09/2021,4.315062877,3.647193203,4.982932552,73.81832768,37.36682688,144.901619
2,GLMNET,prediction,12/09/2021,4.147274905,3.479405231,4.81514458,62.26137194,31.44042176,122.364647
2,GLMNET,prediction,19/09/2021,4.093266845,3.42539717,4.761136519,58.93537179,29.7348494,115.8786853
2,GLMNET,prediction,26/09/2021,4.089011119,3.421141445,4.756880794,58.68084528,29.60432825,115.3823386
2,GLMNET,prediction,03/10/2021,4.153859513,3.485989838,4.821729187,62.67929768,31.65473402,123.1796351
2,GLMNET,prediction,10/10/2021,4.287716349,3.619846675,4.955586024,71.80002869,36.33184347,140.9657773
2,GLMNET,prediction,17/10/2021,4.625789725,3.95792005,5.293659399,101.083359,51.34833074,198.0705728
2,GLMNET,prediction,24/10/2021,4.760231381,4.092361706,5.428101055,115.7729418,58.88114653,226.7164138
2,GLMNET,prediction,31/10/2021,4.695709117,4.027839442,5.363578791,108.4764127,55.13948753,212.4876086
2,GLMNET,prediction,07/11/2021,4.593335043,3.925465369,5.261204718,97.82346169,49.67665589,191.7135169
2,GLMNET,prediction,14/11/2021,4.357605781,3.689736106,5.025475455,77.06999382,39.03428078,151.2426235
2,GLMNET,prediction,21/11/2021,4.430610354,3.762740679,5.098480028,82.98266042,42.06629529,162.772788
2,GLMNET,prediction,28/11/2021,4.378700685,3.710831011,5.04657036,78.73436605,39.8877706,154.4882802
2,GLMNET,prediction,05/12/2021,4.13908898,3.471219305,4.806958654,61.74563287,31.17595085,121.3589153
2,GLMNET,prediction,12/12/2021,4.341238392,3.673368718,5.009108067,75.80259222,38.38435743,148.7710908
2,GLMNET,prediction,19/12/2021,4.374540681,3.706671006,5.042410355,78.40335969,39.71803059,153.8427917
2,GLMNET,prediction,26/12/2021,3.981767259,3.313897585,4.649636934,52.61169632,26.49206959,103.5470212
2,GLMNET,prediction,02/01/2022,4.234844801,3.441569071,5.028120532,68.05096128,30.23593112,151.6458499
2,GLMNET,prediction,09/01/2022,4.29271039,3.499434659,5.085986121,72.16450434,32.09673574,160.7393551
2,GLMNET,prediction,16/01/2022,4.374078927,3.580803197,5.167354658,78.36670339,34.90236594,174.4500976
2,GLMNET,prediction,23/01/2022,4.473147773,3.679872043,5.266423504,86.6321354,38.64132134,192.7218764
2,GLMNET,prediction,30/01/2022,4.725067932,3.931792201,5.518343662,111.7381566,49.99829501,248.2218995
2,GLMNET,prediction,06/02/2022,4.898656876,4.105381145,5.691932607,133.1095329,59.66586266,295.4660196
2,GLMNET,prediction,13/02/2022,5.147839685,4.354563954,5.941115415,171.059386,76.83287922,379.3589512
2,GLMNET,prediction,20/02/2022,5.035614004,4.242338274,5.828889735,152.7939938,68.57033629,338.9810005
2,GLMNET,prediction,27/02/2022,5.048135554,4.254859824,5.841411285,154.7318401,69.4469415,343.2648538
2,GLMNET,prediction,06/03/2022,5.106069409,4.312793679,5.89934514,164.0204506,73.6487425,363.7984977
2,GLMNET,prediction,13/03/2022,5.412014907,4.618739177,6.205290638,223.0826389,100.3661467,494.3629064
2,GLMNET,prediction,20/03/2022,5.476727542,4.683451811,6.270003273,238.0631019,107.1427173,527.4791074
2,GLMNET,prediction,27/03/2022,5.659149289,4.865873558,6.45242502,285.904466,128.7842632,633.2384703
2,GLMNET,prediction,03/04/2022,5.978613981,5.18533825,6.771889712,393.89266,177.6338626,871.9599791
2,GLMNET,prediction,10/04/2022,6.216223554,5.422947823,7.009499285,499.8083806,225.5459567,1106.100024
2,GLMNET,prediction,17/04/2022,6.230084296,5.436808566,7.023360027,506.7982872,228.7079147,1121.552093
2,GLMNET,prediction,24/04/2022,6.407739207,5.614463476,7.201014937,605.5209114,273.3661357,1339.790893
2,GLMNET,prediction,01/05/2022,6.591241944,5.797966214,7.384517675,727.6852948,328.6284838,1609.850654
2,GLMNET,prediction,08/05/2022,6.779798655,5.986522924,7.573074385,878.8915443,397.0282267,1944.11112
2,GLMNET,prediction,15/05/2022,6.964544652,6.171268921,7.757820382,1057.432852,477.7932717,2338.799176
2,GLMNET,prediction,22/05/2022,7.090820378,6.297544647,7.884096109,1199.892582,542.2364342,2653.724359
2,GLMNET,prediction,29/05/2022,7.000538044,6.207262314,7.793813775,1096.223354,495.3405647,2424.550468
2,GLMNET,prediction,05/06/2022,7.229307269,6.436031538,8.022582999,1378.266712,622.9258542,3048.042845
2,GLMNET,prediction,12/06/2022,7.206747096,6.413471365,8.000022826,1347.498588,609.0075688,2980.026032
2,GLMNET,prediction,19/06/2022,7.346898163,6.553622432,8.140173893,1550.376938,700.7817316,3428.514186
2,GLMNET,prediction,26/06/2022,7.298231846,6.504956115,8.091507576,1476.684841,667.4463339,3265.608522
2,GLMNET,prediction,03/07/2022,7.495023274,6.819965641,8.170080908,1798.066637,914.9535382,3532.62985
2,GLMNET,prediction,10/07/2022,7.40082954,6.725771906,8.075887173,1636.342107,832.6152009,3214.979233
2,GLMNET,prediction,17/07/2022,7.370275111,6.695217478,8.045332745,1587.070619,807.5297525,3118.202829
2,GLMNET,prediction,24/07/2022,7.295953524,6.62089589,7.971011157,1473.322032,749.6172668,2894.783977
2,GLMNET,prediction,31/07/2022,7.208860736,6.533803102,7.883918369,1350.351843,687.0098139,2653.252551
2,GLMNET,prediction,07/08/2022,6.950399497,6.275341864,7.625457131,1042.566547,530.3079857,2048.717239
2,GLMNET,prediction,14/08/2022,6.976733321,6.301675687,7.651790954,1070.412682,544.4852073,2103.41112
2,GLMNET,prediction,21/08/2022,7.091915992,6.416858359,7.766973626,1201.209019,611.0771637,2360.314243
2,GLMNET,prediction,28/08/2022,6.960510142,6.285452508,7.635567775,1053.171197,535.7071002,2069.546322
2,GLMNET,prediction,04/09/2022,6.885919411,6.210861778,7.560977044,977.4008088,497.130344,1920.722204
2,GLMNET,prediction,11/09/2022,6.653265092,5.978207459,7.328322725,774.3116612,393.7321599,1521.825432
2,GLMNET,prediction,18/09/2022,6.591162211,5.916104578,7.266219844,727.6271966,369.9638349,1430.13032
2,GLMNET,prediction,25/09/2022,6.568611899,5.893554265,7.243669532,711.3803004,361.6921001,1398.219041
2,GLMNET,prediction,02/10/2022,6.566972703,5.89191507,7.242030337,710.2135265,361.0980639,1395.927326
2,GLMNET,prediction,09/10/2022,6.393866968,5.718809335,7.068924602,597.165199,303.5420994,1173.883887
2,GLMNET,prediction,16/10/2022,6.269542467,5.594484834,6.944600101,527.2356375,267.9390661,1036.532006
2,GLMNET,prediction,23/10/2022,6.143997018,5.468939385,6.819054652,464.9121133,236.2084724,914.1194944
2,GLMNET,prediction,30/10/2022,6.14259858,5.467540946,6.817656213,464.2610192,235.8769828,912.8406504
2,GLMNET,prediction,06/11/2022,6.07279964,5.397742007,6.747857274,432.8937291,219.907046,851.2307075
2,GLMNET,prediction,13/11/2022,6.029995937,5.354938303,6.70505357,414.7133402,210.6509178,815.5217663
2,GLMNET,prediction,20/11/2022,5.814653718,5.139596085,6.489711351,334.1753132,169.6468275,657.3333088
2,GLMNET,prediction,27/11/2022,5.887178605,5.212120972,6.562236239,359.3870545,182.4828077,706.852854
2,GLMNET,prediction,04/12/2022,5.917802745,5.242745111,6.592860378,370.5943286,188.1887344,728.8655785
2,GLMNET,prediction,11/12/2022,5.986338533,5.311280899,6.661396166,396.9548404,201.6095847,780.6414768
2,GLMNET,prediction,18/12/2022,5.827537992,5.152480358,6.502595625,338.5217439,171.8597131,665.870334
2,GLMNET,prediction,25/12/2022,5.721687018,5.046629385,6.396744652,304.4197373,154.4974581,598.8890082
3,GLMNET,prediction,06/01/2019,4.952892364,4.228259556,5.677525172,140.5838844,67.59773771,291.225327
3,GLMNET,prediction,13/01/2019,5.0057261,4.281093291,5.730358908,148.2654254,71.31946305,307.0798208
3,GLMNET,prediction,20/01/2019,5.031070614,4.306437806,5.755703422,152.0968325,73.17578918,314.987742
3,GLMNET,prediction,27/01/2019,5.051193391,4.326560583,5.775826199,155.2087714,74.68353116,321.4107001
3,GLMNET,prediction,03/02/2019,4.722954109,3.998321301,5.447586917,111.5000998,53.50657303,231.1971782
3,GLMNET,prediction,10/02/2019,5.712003081,4.987370273,6.43663589,301.4763466,145.5505285,623.3030388
3,GLMNET,prediction,17/02/2019,5.688820229,4.964187421,6.413453037,294.5447397,142.192148,608.9963886
3,GLMNET,prediction,24/02/2019,5.186402501,4.461769693,5.911035309,177.8240749,85.6407009,368.0880778
3,GLMNET,prediction,03/03/2019,5.069394146,4.344761338,5.794026954,158.0779202,76.07364074,327.3325459
3,GLMNET,prediction,10/03/2019,4.82382788,4.099195072,5.548460689,123.4405237,59.29173757,255.8418918
3,GLMNET,prediction,17/03/2019,4.924594066,4.199961258,5.649226874,136.6334602,65.68374754,283.0717577
3,GLMNET,prediction,24/03/2019,5.193393714,4.468760905,5.918026522,179.0786525,86.24854681,370.6774922
3,GLMNET,prediction,31/03/2019,4.954528899,4.22989609,5.679161707,140.815781,67.71009217,291.7039553
3,GLMNET,prediction,07/04/2019,4.949720842,4.225088034,5.67435365,140.1355593,67.38052307,290.2999959
3,GLMNET,prediction,14/04/2019,4.854120791,4.129487983,5.578753599,127.2678674,61.14609494,263.7414262
3,GLMNET,prediction,21/04/2019,4.769612358,4.044979549,5.494245166,116.8735403,56.11001809,242.2878148
3,GLMNET,prediction,28/04/2019,4.708021084,3.983388276,5.432653892,109.8326143,52.69867226,227.7555331
3,GLMNET,prediction,05/05/2019,4.878378364,4.153745556,5.603011172,130.4173799,62.67204142,270.2419352
3,GLMNET,prediction,12/05/2019,5.034750287,4.310117479,5.759383095,152.6612166,73.44923465,316.1526156
3,GLMNET,prediction,19/05/2019,5.112688181,4.388055373,5.837320989,165.1163059,79.4837558,341.8595846
3,GLMNET,prediction,26/05/2019,5.312139275,4.587506467,6.036772083,201.7835745,97.24913698,417.5398402
3,GLMNET,prediction,02/06/2019,5.462096866,4.737464058,6.186729674,234.5909093,113.1443708,485.2532963
3,GLMNET,prediction,09/06/2019,5.745879945,5.021247136,6.470512753,311.8988404,150.6002522,644.8147854
3,GLMNET,prediction,16/06/2019,5.956588186,5.231955378,6.681220995,385.2899242,186.1584114,796.2920071
3,GLMNET,prediction,23/06/2019,6.02614769,5.301514882,6.750780498,413.116647,199.6405266,853.7256141
3,GLMNET,prediction,30/06/2019,6.007632018,5.28299921,6.732264827,405.5195488,195.959714,838.045408
3,GLMNET,prediction,07/07/2019,6.179398465,5.42029707,6.938499861,481.7015074,224.9462344,1030.222078
3,GLMNET,prediction,14/07/2019,6.081697065,5.32259567,6.840798461,436.7714915,203.9150842,934.2355857
3,GLMNET,prediction,21/07/2019,6.097507747,5.338406351,6.856609142,443.7479631,207.1806789,949.13981
3,GLMNET,prediction,28/07/2019,6.057356768,5.298255372,6.816458163,426.2446363,198.9876015,911.7464794
3,GLMNET,prediction,04/08/2019,6.037257288,5.278155892,6.796358683,417.7429669,195.0080818,893.5838903
3,GLMNET,prediction,11/08/2019,6.157174018,5.398072622,6.916275414,471.0920643,219.9800934,1007.556534
3,GLMNET,prediction,18/08/2019,6.139431105,5.380329709,6.8985325,462.7896481,216.0938415,989.8196208
3,GLMNET,prediction,25/08/2019,6.069292482,5.310191086,6.828393877,431.3746604,201.3888984,922.7060352
3,GLMNET,prediction,01/09/2019,6.030036989,5.270935593,6.789138385,414.7304066,193.5979419,887.1479901
3,GLMNET,prediction,08/09/2019,5.928825795,5.169724399,6.68792719,374.7130904,174.8663619,801.6567719
3,GLMNET,prediction,15/09/2019,5.903145269,5.144043873,6.662246664,365.1874163,170.407519,781.3065445
3,GLMNET,prediction,22/09/2019,5.948115314,5.189013918,6.707216709,382.0307655,178.2916694,817.2899281
3,GLMNET,prediction,29/09/2019,5.853911502,5.094810106,6.613012897,347.5952482,162.1728562,743.7234172
3,GLMNET,prediction,06/10/2019,5.764237521,5.005136125,6.523338916,317.6959524,148.1773886,679.8478886
3,GLMNET,prediction,13/10/2019,5.640374443,4.881273048,6.399475839,280.56813,130.7983427,600.5296567
3,GLMNET,prediction,20/10/2019,5.706936995,4.947835599,6.46603839,299.9478502,139.8697351,641.9316309
3,GLMNET,prediction,27/10/2019,5.645405945,4.88630455,6.404507341,281.9884108,131.4631575,603.5638815
3,GLMNET,prediction,03/11/2019,5.576257334,4.817155938,6.335358729,263.0813855,122.6130273,563.1717517
3,GLMNET,prediction,10/11/2019,5.570296608,4.811195213,6.329398004,261.511951,121.8783956,559.8188815
3,GLMNET,prediction,17/11/2019,5.642622588,4.883521193,6.401723984,281.201848,131.0949778,601.8835038
3,GLMNET,prediction,24/11/2019,5.72101333,4.961911934,6.480114725,304.2140488,141.8666866,651.0457481
3,GLMNET,prediction,01/12/2019,5.859085834,5.099984438,6.618187229,349.4036703,163.0193548,747.5868499
3,GLMNET,prediction,08/12/2019,5.979395283,5.220293887,6.738496678,394.2013108,183.9885418,843.2905409
3,GLMNET,prediction,15/12/2019,6.035244274,5.276142878,6.794345669,416.9008794,194.6139117,891.784892
3,GLMNET,prediction,22/12/2019,6.164067708,5.404966312,6.923169103,474.3577638,221.5087245,1014.53323
3,GLMNET,prediction,29/12/2019,6.100506103,5.341404707,6.859607498,445.083477,207.8058154,951.9929427
3,GLMNET,prediction,05/01/2020,6.012316956,5.431336757,6.593297155,407.4285357,227.4544293,729.1844366
3,GLMNET,prediction,12/01/2020,5.827810987,5.246830788,6.408791187,338.6144445,188.9632796,606.1592951
3,GLMNET,prediction,19/01/2020,5.79127952,5.210299321,6.37225972,326.431712,182.1488703,584.3791281
3,GLMNET,prediction,26/01/2020,5.770455454,5.189475255,6.351435653,319.6837561,178.3744023,572.3152003
3,GLMNET,prediction,02/02/2020,5.98058571,5.399605511,6.56156591,394.6720495,220.319091,706.3785187
3,GLMNET,prediction,09/02/2020,5.789231134,5.208250934,6.370211333,325.7616917,181.7740946,583.1812726
3,GLMNET,prediction,16/02/2020,5.788286273,5.207306074,6.369266472,325.4530933,181.6014801,582.6295634
3,GLMNET,prediction,23/02/2020,5.861961998,5.280981799,6.442942198,350.4129397,195.5627658,627.2525264
3,GLMNET,prediction,01/03/2020,5.673903175,5.092922976,6.254883375,290.1688022,161.8652181,519.5486621
3,GLMNET,prediction,08/03/2020,5.755627579,5.17464738,6.336607778,314.9637776,175.7342832,563.8768701
3,GLMNET,prediction,15/03/2020,5.715116145,5.134135946,6.296096345,302.4194421,168.7176113,541.450233
3,GLMNET,prediction,22/03/2020,5.876477407,5.295497208,6.457457606,355.5510427,198.4367628,636.4383754
3,GLMNET,prediction,29/03/2020,5.901454146,5.320473946,6.482434345,364.5686717,203.480772,652.5600019
3,GLMNET,prediction,05/04/2020,5.855843074,5.274862874,6.436823273,348.2692357,194.3636853,623.4200338
3,GLMNET,prediction,12/04/2020,5.945716352,5.364736153,6.526696551,381.1129907,212.7348339,682.1377694
3,GLMNET,prediction,19/04/2020,6.000044583,5.419064383,6.581024782,402.4467798,224.6678851,720.2781035
3,GLMNET,prediction,26/04/2020,5.955432401,5.374452202,6.5364126,384.8437138,214.8216132,688.8075187
3,GLMNET,prediction,03/05/2020,6.164457958,5.583477758,6.745438157,474.5433084,264.9950656,849.1715536
3,GLMNET,prediction,10/05/2020,5.958036049,5.37705585,6.539016248,385.8496239,215.3842689,690.6058748
3,GLMNET,prediction,17/05/2020,6.086668179,5.50568798,6.667648379,438.9531216,245.0877009,785.5437748
3,GLMNET,prediction,24/05/2020,6.192312492,5.611332293,6.773292692,487.9755521,272.5083887,873.185584
3,GLMNET,prediction,31/05/2020,6.183160648,5.602180448,6.764140847,483.5209388,270.0167016,865.2216711
3,GLMNET,prediction,07/06/2020,6.401016235,5.820036036,6.981996434,601.4569648,335.9841969,1076.066515
3,GLMNET,prediction,14/06/2020,6.540072881,5.959092681,7.12105308,691.3370342,386.2585979,1236.753201
3,GLMNET,prediction,21/06/2020,6.551365255,5.970385056,7.132345455,699.1994726,390.6564514,1250.809589
3,GLMNET,prediction,28/06/2020,6.672835759,6.091855559,7.253815958,789.634477,441.2412551,1412.488382
3,GLMNET,prediction,05/07/2020,6.792743995,6.301250543,7.284237447,890.3560858,544.2533468,1456.149555
3,GLMNET,prediction,12/07/2020,6.726402408,6.234908956,7.21789586,833.1409625,509.2541608,1362.616799
3,GLMNET,prediction,19/07/2020,6.972794227,6.481300776,7.464287679,1066.200589,651.819566,1743.612382
3,GLMNET,prediction,26/07/2020,6.995157791,6.503664339,7.486651243,1090.335867,666.5834086,1783.067668
3,GLMNET,prediction,02/08/2020,7.044959819,6.553466367,7.53645327,1146.062744,700.6722163,1874.167505
3,GLMNET,prediction,09/08/2020,6.912500055,6.421006603,7.403993507,1003.75605,613.6214827,1641.530808
3,GLMNET,prediction,16/08/2020,6.961792677,6.470299225,7.453286129,1054.524076,644.6769008,1724.524133
3,GLMNET,prediction,23/08/2020,6.986913815,6.495420363,7.478407267,1081.375904,661.1024903,1768.420316
3,GLMNET,prediction,30/08/2020,6.908706175,6.417212723,7.400199627,999.9513484,611.2941004,1635.311049
3,GLMNET,prediction,06/09/2020,6.853334919,6.361841468,7.344828371,946.033928,578.3121593,1547.169232
3,GLMNET,prediction,13/09/2020,6.911195097,6.419701645,7.402688549,1002.445741,612.8199506,1639.388772
3,GLMNET,prediction,20/09/2020,6.87347293,6.381979479,7.364966382,965.2986331,590.0966134,1578.662321
3,GLMNET,prediction,27/09/2020,6.833782552,6.3422891,7.325276004,927.6970218,567.095251,1517.192868
3,GLMNET,prediction,04/10/2020,6.747952079,6.256458628,7.239445531,851.3115077,520.369304,1392.321204
3,GLMNET,prediction,11/10/2020,6.726442743,6.234949291,7.217936195,833.1746085,509.2747424,1362.671802
3,GLMNET,prediction,18/10/2020,6.554927189,6.063433737,7.04642064,701.6979835,428.8488936,1147.739623
3,GLMNET,prediction,25/10/2020,6.445964892,5.954471441,6.937458344,629.1544149,384.4731114,1029.148602
3,GLMNET,prediction,01/11/2020,6.409387852,5.9178944,6.900881304,606.5216739,370.6283887,992.1495963
3,GLMNET,prediction,08/11/2020,6.442646846,5.951153394,6.934140297,627.0669981,383.1962131,1025.736185
3,GLMNET,prediction,15/11/2020,6.304916732,5.81342328,6.796410184,546.2560175,333.7631545,893.6299635
3,GLMNET,prediction,22/11/2020,6.299965854,5.808472402,6.791459306,543.5533154,332.1098788,889.2117054
3,GLMNET,prediction,29/11/2020,6.302469913,5.810976461,6.793963364,544.9186176,332.9450507,891.4436411
3,GLMNET,prediction,06/12/2020,6.167197107,5.675703655,6.658690559,475.8476781,290.6935179,778.5295203
3,GLMNET,prediction,13/12/2020,6.119770956,5.628277504,6.611264408,453.7605223,277.1825364,742.4224137
3,GLMNET,prediction,20/12/2020,6.035172424,5.543678972,6.526665876,416.8708545,254.6166784,682.1168143
3,GLMNET,prediction,27/12/2020,5.854376468,5.362883016,6.345869919,347.7573707,212.3391207,569.1331439
3,GLMNET,prediction,03/01/2021,5.951029237,4.792612284,7.10944619,383.1485155,119.6160408,1222.469789
3,GLMNET,prediction,10/01/2021,5.707403846,4.548986892,6.865820799,300.0883808,93.53658404,957.9326078
3,GLMNET,prediction,17/01/2021,5.655732788,4.497315835,6.814149741,284.925929,88.77583442,909.6419053
3,GLMNET,prediction,24/01/2021,5.755420251,4.597003298,6.913837204,314.8982762,98.18663699,1005.100458
3,GLMNET,prediction,31/01/2021,5.540452176,4.382035222,6.698869129,253.7931847,79.00068703,810.4876184
3,GLMNET,prediction,07/02/2021,5.483992508,4.325575554,6.642409461,239.8062114,74.60901745,765.9406823
3,GLMNET,prediction,14/02/2021,5.546472889,4.388055935,6.704889842,255.3318486,79.48380109,815.3880898
3,GLMNET,prediction,21/02/2021,5.381469653,4.2230527,6.539886607,216.3414574,67.24148742,691.2080817
3,GLMNET,prediction,28/02/2021,5.173824286,4.015407333,6.33224124,175.5888742,54.44587574,561.4156907
3,GLMNET,prediction,07/03/2021,5.062915294,3.904498341,6.221332247,157.0506093,48.62517873,502.3734034
3,GLMNET,prediction,14/03/2021,4.9996355,3.841218546,6.158052453,147.3590723,45.58220244,471.5069487
3,GLMNET,prediction,21/03/2021,5.010750675,3.852333722,6.169167629,149.0173082,46.10286005,476.7882434
3,GLMNET,prediction,28/03/2021,4.888364943,3.72994799,6.046781897,131.736365,40.67694048,421.7503842
3,GLMNET,prediction,04/04/2021,4.979007325,3.820590372,6.137424279,144.3300445,44.63113971,461.8598361
3,GLMNET,prediction,11/04/2021,5.028719268,3.870302315,6.187136222,151.7372719,46.95688198,485.4510217
3,GLMNET,prediction,18/04/2021,5.140549254,3.982132301,6.298966207,169.8095604,52.63127039,543.0092266
3,GLMNET,prediction,25/04/2021,5.186407383,4.02799043,6.344824336,177.824948,55.14796451,568.5373339
3,GLMNET,prediction,02/05/2021,5.242540138,4.084123185,6.400957092,188.1499598,58.38984101,601.4213345
3,GLMNET,prediction,09/05/2021,5.352513282,4.194096329,6.510930235,210.1382816,65.2937967,671.4516651
3,GLMNET,prediction,16/05/2021,5.291842562,4.133425609,6.450259515,197.7092223,61.3912854,631.86651
3,GLMNET,prediction,23/05/2021,5.517595838,4.359178885,6.676012792,248.0355951,77.1929027,792.1503434
3,GLMNET,prediction,30/05/2021,5.534779821,4.376362867,6.693196774,252.3519986,78.54817933,805.8976029
3,GLMNET,prediction,06/06/2021,5.431522622,4.273105668,6.589939575,227.496895,70.74410338,726.7368952
3,GLMNET,prediction,13/06/2021,5.580615879,4.422198925,6.739032832,264.234908,82.27920894,843.743332
3,GLMNET,prediction,20/06/2021,5.407797562,4.249380609,6.566214516,222.139595,69.06200313,709.6744976
3,GLMNET,prediction,27/06/2021,5.558941903,4.40052495,6.717358856,258.5480639,80.49363749,825.6313735
3,GLMNET,prediction,04/07/2021,5.385987104,4.639799491,6.132174717,217.3255078,102.5235881,459.4363917
3,GLMNET,prediction,11/07/2021,5.298031786,4.551844173,6.044219399,198.9428921,93.80708789,420.6684743
3,GLMNET,prediction,18/07/2021,5.29961456,4.553426947,6.045802173,199.259607,93.95726488,421.3364085
3,GLMNET,prediction,25/07/2021,5.195531059,4.449343446,5.941718672,179.4639543,84.57074372,379.5884744
3,GLMNET,prediction,01/08/2021,5.051326912,4.305139299,5.797514525,155.22963,73.07953393,328.479628
3,GLMNET,prediction,08/08/2021,4.94677065,4.200583037,5.692958263,139.7197959,65.72522298,295.7702478
3,GLMNET,prediction,15/08/2021,4.849396704,4.103209091,5.595584317,126.6633478,59.53423608,268.2349226
3,GLMNET,prediction,22/08/2021,4.493903653,3.74771604,5.240091266,88.470025,41.42407637,187.6873224
3,GLMNET,prediction,29/08/2021,4.405019348,3.658831735,5.151206961,80.86072669,37.81596904,171.6397341
3,GLMNET,prediction,05/09/2021,4.373413533,3.62722592,5.119601146,78.31391075,36.6083432,166.2686405
3,GLMNET,prediction,12/09/2021,4.295139898,3.548952285,5.041327511,72.34247416,33.77686214,153.6752118
3,GLMNET,prediction,19/09/2021,4.348828177,3.602640564,5.09501579,76.38772507,35.69500213,162.2064217
3,GLMNET,prediction,26/09/2021,4.116539053,3.37035144,4.862726666,60.34655725,28.08874821,128.3764881
3,GLMNET,prediction,03/10/2021,4.114351118,3.368163505,4.860538731,60.21248172,28.0251735,128.0937302
3,GLMNET,prediction,10/10/2021,4.039217085,3.293029472,4.785404698,55.78187004,25.92430667,118.7498158
3,GLMNET,prediction,17/10/2021,4.154888567,3.408700954,4.90107618,62.74486088,29.22595384,133.4343775
3,GLMNET,prediction,24/10/2021,4.349536036,3.603348423,5.095723649,76.44252404,35.72098621,162.3219897
3,GLMNET,prediction,31/10/2021,4.646501975,3.900314362,5.392689588,103.2197838,48.41798181,218.793746
3,GLMNET,prediction,07/11/2021,4.735452751,3.989265138,5.481640364,112.9150222,53.01518108,239.2404662
3,GLMNET,prediction,14/11/2021,4.635054356,3.888866743,5.381241969,102.0335183,47.8554893,216.2919777
3,GLMNET,prediction,21/11/2021,4.517943289,3.771755676,5.264130902,90.64691283,42.45629309,192.2782581
3,GLMNET,prediction,28/11/2021,4.528073492,3.781885879,5.274261105,91.580033,42.89875146,194.2461568
3,GLMNET,prediction,05/12/2021,4.411833769,3.665646156,5.158021382,81.42046513,38.08138069,172.8201914
3,GLMNET,prediction,12/12/2021,4.377839799,3.631652186,5.124027412,78.66575338,36.77517672,167.0106571
3,GLMNET,prediction,19/12/2021,4.123779603,3.37759199,4.869967216,60.79235199,28.30013107,129.3166445
3,GLMNET,prediction,26/12/2021,4.295239159,3.549051546,5.041426772,72.34975463,33.78031432,153.6905659
3,GLMNET,prediction,02/01/2022,4.424959507,3.472001981,5.377917033,82.50942559,31.20114403,215.5706956
3,GLMNET,prediction,09/01/2022,4.071685592,3.118728066,5.024643118,57.65574898,21.61759326,151.115959
3,GLMNET,prediction,16/01/2022,4.29026012,3.337302594,5.243217646,71.985451,27.14311084,188.2781537
3,GLMNET,prediction,23/01/2022,4.312300055,3.35934253,5.265257581,73.61190325,27.77026906,192.4961434
3,GLMNET,prediction,30/01/2022,4.372926856,3.41996933,5.325884382,78.27531994,29.56847748,204.5901003
3,GLMNET,prediction,06/02/2022,4.496360955,3.543403429,5.44931848,88.69015018,33.58442474,231.5995907
3,GLMNET,prediction,13/02/2022,4.781257465,3.828299939,5.734214991,118.2542138,44.98429564,308.2700955
3,GLMNET,prediction,20/02/2022,4.870889766,3.91793224,5.823847292,129.4369236,49.29633642,337.2709805
3,GLMNET,prediction,27/02/2022,5.136774723,4.183817197,6.089732249,169.1660497,64.6158444,440.3032359
3,GLMNET,prediction,06/03/2022,5.070596794,4.117639268,6.02355432,158.2693499,60.41408878,412.0440804
3,GLMNET,prediction,13/03/2022,4.988071274,4.035113749,5.9410288,145.6532966,55.54935228,379.3260079
3,GLMNET,prediction,20/03/2022,5.187410507,4.234452981,6.140368033,178.0044216,68.02391104,463.2243894
3,GLMNET,prediction,27/03/2022,5.299726714,4.346769189,6.25268424,199.2820683,76.22854855,518.4051634
3,GLMNET,prediction,03/04/2022,5.331985797,4.379028271,6.284943323,205.8483253,78.76049015,535.4338862
3,GLMNET,prediction,10/04/2022,5.642858238,4.689900712,6.595815764,281.2683568,107.8423726,731.0258036
3,GLMNET,prediction,17/04/2022,5.944493155,4.991535629,6.897450681,380.645877,146.1622367,988.7483125
3,GLMNET,prediction,24/04/2022,6.101326157,5.148368631,7.054283683,445.4494399,171.1504203,1156.807817
3,GLMNET,prediction,01/05/2022,6.230395531,5.277438005,7.183353057,506.9563561,194.8674206,1316.317903
3,GLMNET,prediction,08/05/2022,6.374525688,5.421568162,7.327483214,585.7070827,225.2336154,1520.547539
3,GLMNET,prediction,15/05/2022,6.612515745,5.659558219,7.565473271,743.3532683,286.0218138,1929.382157
3,GLMNET,prediction,22/05/2022,6.718514415,5.765556889,7.671471941,826.587147,318.1167073,2145.238258
3,GLMNET,prediction,29/05/2022,6.94287187,5.989914344,7.895829395,1034.740459,398.380399,2685.056456
3,GLMNET,prediction,05/06/2022,6.984577383,6.031619858,7.937534909,1078.849959,415.3889742,2799.448633
3,GLMNET,prediction,12/06/2022,6.849912727,5.896955201,7.802870252,942.7985346,362.9276924,2446.617184
3,GLMNET,prediction,19/06/2022,7.125979205,6.173021679,8.078936731,1242.86557,478.6332162,3224.801517
3,GLMNET,prediction,26/06/2022,7.102687999,6.149730473,8.055645525,1214.229223,467.5910718,3150.536923
3,GLMNET,prediction,03/07/2022,7.471965215,6.481084261,8.462846169,1757.058255,651.6782362,4734.516918
3,GLMNET,prediction,10/07/2022,7.342212101,6.351331147,8.333093055,1543.124097,572.2552885,4158.262507
3,GLMNET,prediction,17/07/2022,7.36471507,6.373834116,8.355596024,1578.265382,585.3014725,4252.919295
3,GLMNET,prediction,24/07/2022,7.252245667,6.261364712,8.243126621,1410.270535,522.9334709,3800.407306
3,GLMNET,prediction,31/07/2022,7.165675222,6.174794268,8.156556176,1293.235202,479.4841626,3485.160185
3,GLMNET,prediction,07/08/2022,7.109770596,6.118889641,8.10065155,1222.866754,453.3599119,3295.615285
3,GLMNET,prediction,14/08/2022,6.997562422,6.006681468,7.988443376,1092.963285,405.133315,2945.706474
3,GLMNET,prediction,21/08/2022,6.795152785,5.804271831,7.786033739,892.5057636,330.7135619,2405.752818
3,GLMNET,prediction,28/08/2022,6.852391489,5.861510535,7.843272444,945.1408891,350.2543255,2547.531127
3,GLMNET,prediction,04/09/2022,6.948053044,5.95717209,7.938933998,1040.120737,385.515546,2803.369451
3,GLMNET,prediction,11/09/2022,6.849340585,5.858459631,7.840221539,942.2587029,349.1843153,2539.767652
3,GLMNET,prediction,18/09/2022,6.73096115,5.740080196,7.721842104,836.9522767,310.089358,2256.113591
3,GLMNET,prediction,25/09/2022,6.51953274,5.528651786,7.510413694,677.2613869,250.8041961,1825.969193
3,GLMNET,prediction,02/10/2022,6.547518396,5.556637442,7.538399351,696.5110783,257.9506343,1877.820285
3,GLMNET,prediction,09/10/2022,6.360331412,5.369450458,7.351212367,577.4380262,213.744824,1557.084353
3,GLMNET,prediction,16/10/2022,6.374658017,5.383777062,7.365538971,585.784726,216.8435321,1579.567076
3,GLMNET,prediction,23/10/2022,6.314979007,5.324098053,7.305859962,551.790456,204.2231766,1487.999894
3,GLMNET,prediction,30/10/2022,6.162017011,5.171136057,7.152897965,473.3839482,175.1148003,1276.803625
3,GLMNET,prediction,06/11/2022,6.03156479,5.040683836,7.022445744,415.3660453,153.5756833,1120.526232
3,GLMNET,prediction,13/11/2022,6.061948616,5.071067662,7.05282957,428.21099,158.3443625,1155.125457
3,GLMNET,prediction,20/11/2022,5.999956399,5.009075445,6.990837353,402.411204,148.766205,1085.630989
3,GLMNET,prediction,27/11/2022,5.958427919,4.967546965,6.949308873,386.0012485,142.6740173,1041.429029
3,GLMNET,prediction,04/12/2022,5.830086659,4.839205705,6.820967613,339.3881756,125.3689376,915.8717584
3,GLMNET,prediction,11/12/2022,5.919669364,4.92878841,6.910550318,371.2886016,137.2119546,1001.798949
3,GLMNET,prediction,18/12/2022,5.916478431,4.925597477,6.907359385,370.1025468,136.7716324,998.6041845
3,GLMNET,prediction,25/12/2022,5.992155206,5.001274252,6.983036161,399.2763591,147.6023954,1077.186951
4,GLMNET,prediction,06/01/2019,4.982300598,4.222875439,5.741725756,144.8094449,67.22939198,310.6016957
4,GLMNET,prediction,13/01/2019,5.261716331,4.502291172,6.021141489,191.8121368,89.22361252,411.0486764
4,GLMNET,prediction,20/01/2019,5.094015976,4.334590818,5.853441134,162.0433271,75.29373446,347.4313188
4,GLMNET,prediction,27/01/2019,5.064390362,4.304965204,5.823815521,157.2839168,73.06663819,337.2602334
4,GLMNET,prediction,03/02/2019,5.050704699,4.291279541,5.810129857,155.1324521,72.05989183,332.6624514
4,GLMNET,prediction,10/02/2019,5.10034263,4.340917472,5.859767788,163.0781158,75.77794864,349.6427112
4,GLMNET,prediction,17/02/2019,4.694459712,3.935034554,5.453884871,108.3397178,50.16391786,232.66416
4,GLMNET,prediction,24/02/2019,5.577461315,4.818036157,6.336886473,263.3995259,122.7218817,564.0343203
4,GLMNET,prediction,03/03/2019,5.414047633,4.654622475,6.173472792,223.5386008,104.0695461,478.8496337
4,GLMNET,prediction,10/03/2019,5.043830945,4.284405787,5.803256103,154.0629161,71.55941815,330.3768023
4,GLMNET,prediction,17/03/2019,5.027123916,4.267698758,5.786549075,151.4937965,70.35723627,324.8864718
4,GLMNET,prediction,24/03/2019,4.743087606,3.983662448,5.502512764,113.7880754,52.71339693,244.3075585
4,GLMNET,prediction,31/03/2019,4.967177598,4.20775244,5.726602756,142.6209587,66.20532193,305.9247969
4,GLMNET,prediction,07/04/2019,5.252962691,4.493537533,6.012387849,190.1316946,88.4372742,407.4574916
4,GLMNET,prediction,14/04/2019,5.032552627,4.273127469,5.791977786,152.3238923,70.74566746,326.660426
4,GLMNET,prediction,21/04/2019,5.223233765,4.463808607,5.982658924,184.5331858,85.81753411,395.493213
4,GLMNET,prediction,28/04/2019,5.052779588,4.293354429,5.812204746,155.4567459,72.21164035,333.3554825
4,GLMNET,prediction,05/05/2019,4.956057205,4.196632047,5.715482364,141.0326847,65.46211241,302.5305801
4,GLMNET,prediction,12/05/2019,5.004736499,4.245311341,5.764161657,148.1177853,68.77748132,317.6717758
4,GLMNET,prediction,19/05/2019,5.102970624,4.343545466,5.862395782,163.5098791,75.97998598,350.56541
4,GLMNET,prediction,26/05/2019,5.259876992,4.500451833,6.01930215,191.4578159,89.05781325,410.2914758
4,GLMNET,prediction,02/06/2019,5.38846485,4.629039692,6.147890009,217.8671337,101.4156663,466.7294397
4,GLMNET,prediction,09/06/2019,5.506165504,4.746740346,6.265590662,245.2052417,114.2081331,525.1522725
4,GLMNET,prediction,16/06/2019,5.565300504,4.805875346,6.324725663,260.2036848,121.2264347,557.2046563
4,GLMNET,prediction,23/06/2019,5.820207382,5.060782224,6.579632541,336.0419429,156.7138356,719.2746089
4,GLMNET,prediction,30/06/2019,5.890424578,5.13099942,6.649849737,360.5587618,168.1861216,771.6682131
4,GLMNET,prediction,07/07/2019,6.070953476,5.354066011,6.787840941,432.093429,210.4663768,885.9964158
4,GLMNET,prediction,14/07/2019,6.020090829,5.303203364,6.736978295,410.6159809,199.9795907,842.0095569
4,GLMNET,prediction,21/07/2019,5.955610289,5.238722824,6.672497754,384.9123568,187.4292912,789.3672842
4,GLMNET,prediction,28/07/2019,5.902215945,5.18532848,6.619103411,364.8472678,177.6321172,748.2730056
4,GLMNET,prediction,04/08/2019,5.957353757,5.240466291,6.674241222,385.5857695,187.7580981,790.746466
4,GLMNET,prediction,11/08/2019,5.955001166,5.238113701,6.671888631,384.6773604,187.3145496,788.8860002
4,GLMNET,prediction,18/08/2019,5.893453131,5.176565666,6.610340597,361.6554215,176.0736355,741.735949
4,GLMNET,prediction,25/08/2019,6.09662917,5.379741705,6.813516635,443.3573895,215.9662268,909.0655549
4,GLMNET,prediction,01/09/2019,6.027258798,5.310371333,6.744146264,413.577031,201.4253816,848.0739318
4,GLMNET,prediction,08/09/2019,5.96156383,5.244676365,6.678451295,387.2167548,188.5544588,794.0868034
4,GLMNET,prediction,15/09/2019,5.970906294,5.254018828,6.687793759,390.8606506,190.3336625,801.5496794
4,GLMNET,prediction,22/09/2019,5.797098405,5.080210939,6.51398587,328.3425534,159.8079731,673.5095742
4,GLMNET,prediction,29/09/2019,5.855453147,5.138565682,6.572340612,348.1330729,169.4710831,714.0415211
4,GLMNET,prediction,06/10/2019,5.879493679,5.162606214,6.596381144,356.6281212,173.6189574,731.4397934
4,GLMNET,prediction,13/10/2019,5.813385855,5.09649839,6.530273321,333.7506262,162.4485709,684.5855706
4,GLMNET,prediction,20/10/2019,5.688374669,4.971487204,6.405262135,294.4130862,143.2412441,604.0203746
4,GLMNET,prediction,27/10/2019,5.600264592,4.883377127,6.317152057,269.4979695,131.0759488,552.9930033
4,GLMNET,prediction,03/11/2019,5.71451057,4.997623105,6.431398035,302.2357543,147.0608154,620.0415793
4,GLMNET,prediction,10/11/2019,5.608165421,4.891277956,6.325052887,271.6435928,132.1235915,557.3873442
4,GLMNET,prediction,17/11/2019,5.584728488,4.867841022,6.301615953,265.3279616,129.0398605,544.4526242
4,GLMNET,prediction,24/11/2019,5.637231477,4.920344012,6.354118942,279.6845602,136.0497518,573.8556365
4,GLMNET,prediction,01/12/2019,5.714085134,4.997197668,6.430972599,302.1067742,146.9978384,619.7774219
4,GLMNET,prediction,08/12/2019,5.863310309,5.146422843,6.580197774,350.887073,170.8157778,719.6818473
4,GLMNET,prediction,15/12/2019,6.031526513,5.314639048,6.748413978,415.3501084,202.2911215,851.7052804
4,GLMNET,prediction,22/12/2019,6.203062709,5.486175244,6.919950174,493.2605015,240.3324018,1011.269556
4,GLMNET,prediction,29/12/2019,6.243086071,5.526198605,6.959973536,513.4436733,250.187232,1052.605674
4,GLMNET,prediction,05/01/2020,6.25002227,5.637511854,6.862532686,517.0243608,279.7632685,954.7847072
4,GLMNET,prediction,12/01/2020,6.152418664,5.539908248,6.76492908,468.8524288,253.6546333,865.904725
4,GLMNET,prediction,19/01/2020,6.112081309,5.499570893,6.724591725,450.2769853,243.5869557,831.6319645
4,GLMNET,prediction,26/01/2020,5.935668211,5.323157795,6.548178628,377.2926912,204.0303045,696.971749
4,GLMNET,prediction,02/02/2020,5.779790037,5.16727962,6.392300453,322.69122,174.4369327,596.2288975
4,GLMNET,prediction,09/02/2020,5.824767384,5.212256968,6.437277801,337.5823644,182.5077623,623.7039145
4,GLMNET,prediction,16/02/2020,5.977549627,5.36503921,6.590060043,393.4725778,212.7996177,726.8245693
4,GLMNET,prediction,23/02/2020,5.718332723,5.105822307,6.330843139,303.3969856,163.9796787,560.6299266
4,GLMNET,prediction,01/03/2020,5.769159759,5.156649343,6.381670175,319.2685167,172.5818667,589.9138134
4,GLMNET,prediction,08/03/2020,5.842364101,5.229853685,6.454874517,343.5930312,185.7654749,634.79394
4,GLMNET,prediction,15/03/2020,5.565719546,4.95320913,6.178229963,260.313163,140.6287405,481.1377987
4,GLMNET,prediction,22/03/2020,5.676240912,5.063730496,6.288751328,290.8502745,157.179505,537.4805237
4,GLMNET,prediction,29/03/2020,5.798481466,5.185971049,6.410991882,328.7983693,177.7469377,607.496939
4,GLMNET,prediction,05/04/2020,5.83966394,5.227153524,6.452174356,342.6638296,185.2618583,633.0795098
4,GLMNET,prediction,12/04/2020,6.021464334,5.408953917,6.63397475,411.1817256,222.3977729,759.4989643
4,GLMNET,prediction,19/04/2020,6.012680974,5.400170558,6.62519139,407.5772383,220.444182,752.8484781
4,GLMNET,prediction,26/04/2020,5.995602327,5.383091911,6.608112744,400.658541,216.6943274,740.0830843
4,GLMNET,prediction,03/05/2020,6.210653834,5.598143418,6.82316425,497.0267718,268.9248044,917.8880065
4,GLMNET,prediction,10/05/2020,6.222871861,5.610361445,6.835382277,503.1490009,272.2429824,929.183871
4,GLMNET,prediction,17/05/2020,6.345994824,5.733484408,6.958505241,569.2043608,308.0442307,1051.059805
4,GLMNET,prediction,24/05/2020,6.306179789,5.693669373,6.918690206,546.9476699,295.9813592,1009.994932
4,GLMNET,prediction,31/05/2020,6.291361722,5.678851306,6.903872138,538.8880062,291.6131138,995.1243889
4,GLMNET,prediction,07/06/2020,6.342009537,5.729499121,6.954519953,566.9364547,306.8150516,1046.875388
4,GLMNET,prediction,14/06/2020,6.357978526,5.74546811,6.970488943,576.0786273,311.7700044,1063.743222
4,GLMNET,prediction,21/06/2020,6.486946982,5.874436566,7.099457398,655.5159455,354.8241207,1210.309638
4,GLMNET,prediction,28/06/2020,6.622107955,6.009597539,7.234618371,750.5276148,406.3193569,1385.611626
4,GLMNET,prediction,05/07/2020,6.633476352,6.052000041,7.214952662,759.1200274,423.9621222,1358.609306
4,GLMNET,prediction,12/07/2020,6.63168571,6.0502094,7.213162021,757.7601431,423.2018485,1356.176912
4,GLMNET,prediction,19/07/2020,6.765185616,6.183709306,7.346661927,866.1271458,483.7868479,1550.010491
4,GLMNET,prediction,26/07/2020,6.665980034,6.084503723,7.247456345,784.2326425,438.001892,1403.527666
4,GLMNET,prediction,02/08/2020,6.777925507,6.196449196,7.359401817,877.2449198,490.0024884,1569.896599
4,GLMNET,prediction,09/08/2020,6.869437372,6.287961061,7.450913683,961.4069364,537.0551484,1720.435273
4,GLMNET,prediction,16/08/2020,6.887748726,6.306272415,7.469225037,979.1922504,546.9984264,1752.247457
4,GLMNET,prediction,23/08/2020,6.741722156,6.160245845,7.323198467,846.0181778,472.5444791,1514.04204
4,GLMNET,prediction,30/08/2020,6.748215218,6.166738908,7.329691529,851.5358137,475.6292369,1523.911309
4,GLMNET,prediction,06/09/2020,6.845076673,6.263600362,7.426552984,938.2452927,524.1061129,1679.006571
4,GLMNET,prediction,13/09/2020,6.841222199,6.259745888,7.42269851,934.6319647,522.0860009,1672.543494
4,GLMNET,prediction,20/09/2020,6.761152094,6.179675783,7.342628404,862.6366131,481.8353874,1543.767055
4,GLMNET,prediction,27/09/2020,6.913261799,6.331785488,7.49473811,1004.521708,561.1594272,1797.55368
4,GLMNET,prediction,04/10/2020,6.828138734,6.246662423,7.409615045,922.4703881,515.2867992,1650.79036
4,GLMNET,prediction,11/10/2020,6.729532566,6.148056255,7.311008877,835.7560463,466.8072047,1495.6864
4,GLMNET,prediction,18/10/2020,6.778310817,6.196834507,7.359787128,877.5833822,490.1917134,1570.501999
4,GLMNET,prediction,25/10/2020,6.687272073,6.105795762,7.268748383,801.1311095,447.4493584,1433.753568
4,GLMNET,prediction,01/11/2020,6.506756456,5.925280145,7.088232766,668.6508489,373.3833022,1196.789156
4,GLMNET,prediction,08/11/2020,6.452333958,5.870857647,7.033810268,633.1807178,353.5529311,1133.344544
4,GLMNET,prediction,15/11/2020,6.312759594,5.731283283,6.894235905,550.5649458,307.3647338,985.571602
4,GLMNET,prediction,22/11/2020,6.360887462,5.779411152,6.942363773,577.7597561,322.5686015,1034.214337
4,GLMNET,prediction,29/11/2020,6.286257335,5.704781024,6.867733646,536.1392301,299.2997144,959.7686544
4,GLMNET,prediction,06/12/2020,6.249120224,5.667643913,6.830596535,516.5572898,288.3519922,924.7428856
4,GLMNET,prediction,13/12/2020,6.207288513,5.625812202,6.788764823,495.3535685,276.497577,886.8162744
4,GLMNET,prediction,20/12/2020,6.209156569,5.627680258,6.790632879,496.2816514,277.0164425,888.4763149
4,GLMNET,prediction,27/12/2020,6.154058339,5.572582028,6.735534649,469.6234658,262.1125869,840.7934282
4,GLMNET,prediction,03/01/2021,5.966929106,4.680924789,7.252933424,389.3052426,106.8697833,1411.241481
4,GLMNET,prediction,10/01/2021,5.762290604,4.476286287,7.048294922,317.0760816,86.90760214,1149.894703
4,GLMNET,prediction,17/01/2021,5.879442962,4.593438645,7.165447279,356.6099838,97.8337005,1292.940224
4,GLMNET,prediction,24/01/2021,5.705506415,4.419502098,6.991510732,299.5176281,82.05492182,1086.36295
4,GLMNET,prediction,31/01/2021,5.566922826,4.280918509,6.852927144,260.6277852,71.306824,945.6478293
4,GLMNET,prediction,07/02/2021,5.586386228,4.300381911,6.872390545,265.7698303,72.72794581,964.2532914
4,GLMNET,prediction,14/02/2021,5.477541091,4.191536774,6.763545408,238.2576707,65.12433107,864.7060427
4,GLMNET,prediction,21/02/2021,5.38544248,4.099438163,6.671446797,217.2066348,59.3063957,788.5370785
4,GLMNET,prediction,28/02/2021,5.451457405,4.165453088,6.737461722,232.0976361,63.42186459,842.4171894
4,GLMNET,prediction,07/03/2021,5.399198851,4.113194534,6.685203168,220.2291077,60.14172522,799.4732922
4,GLMNET,prediction,14/03/2021,5.232166196,3.946161879,6.518170513,186.1978719,50.73641464,676.3380699
4,GLMNET,prediction,21/03/2021,5.022415442,3.736411125,6.308419759,150.7774711,40.94717653,548.1764318
4,GLMNET,prediction,28/03/2021,5.040804507,3.75480019,6.326808825,153.5943373,41.72568195,558.368699
4,GLMNET,prediction,04/04/2021,5.035165879,3.749161562,6.321170196,152.7250902,41.48544563,555.2235022
4,GLMNET,prediction,11/04/2021,4.904837292,3.618832975,6.19084161,133.9409523,36.29401937,487.256855
4,GLMNET,prediction,18/04/2021,5.062165763,3.776161446,6.34817008,156.9321899,42.64817387,570.4460511
4,GLMNET,prediction,25/04/2021,5.141854906,3.855850589,6.427859223,170.0327239,46.26880615,617.847714
4,GLMNET,prediction,02/05/2021,5.306294875,4.020290557,6.592299192,200.6018826,54.71729255,728.4561028
4,GLMNET,prediction,09/05/2021,5.461799216,4.175794899,6.747803533,234.5207962,64.09156032,851.1849097
4,GLMNET,prediction,16/05/2021,5.517487447,4.23148313,6.803491764,248.0086032,67.81922435,899.9878423
4,GLMNET,prediction,23/05/2021,5.706802337,4.42079802,6.992806655,299.9073281,82.16262434,1087.773002
4,GLMNET,prediction,30/05/2021,5.574233683,4.288229366,6.860238001,262.5475174,71.83738592,952.5939964
4,GLMNET,prediction,06/06/2021,5.864120517,4.5781162,7.150124834,351.1722903,96.33086949,1273.265017
4,GLMNET,prediction,13/06/2021,5.882679146,4.596674829,7.168683463,357.7691502,98.15406265,1297.134436
4,GLMNET,prediction,20/06/2021,5.61943745,4.333433133,6.905441767,274.7342252,75.20546144,996.6891621
4,GLMNET,prediction,27/06/2021,5.695537051,4.409532734,6.981541368,296.536543,81.23103075,1075.57649
4,GLMNET,prediction,04/07/2021,5.401572458,4.641438211,6.161706705,220.7548423,102.6933733,473.2367666
4,GLMNET,prediction,11/07/2021,5.556978595,4.796844348,6.317112842,258.0389909,120.1275772,552.9712785
4,GLMNET,prediction,18/07/2021,5.54785826,4.787724013,6.307992507,255.6872094,119.0278756,547.9418449
4,GLMNET,prediction,25/07/2021,5.346598301,4.586464054,6.106732548,208.893089,97.14677419,447.8696565
4,GLMNET,prediction,01/08/2021,5.25491677,4.494782523,6.015051017,190.5055462,88.54869208,408.5467322
4,GLMNET,prediction,08/08/2021,5.147818039,4.387683792,5.907952286,171.0556617,79.45385513,366.9519231
4,GLMNET,prediction,15/08/2021,4.96389117,4.203756922,5.724025417,142.1497335,65.93733763,305.1347659
4,GLMNET,prediction,22/08/2021,4.764998902,4.004864655,5.525133149,116.3309885,53.86439829,249.9197456
4,GLMNET,prediction,29/08/2021,4.630740492,3.870606245,5.390874739,101.5900031,46.97145972,218.3952152
4,GLMNET,prediction,05/09/2021,4.341672722,3.581538475,5.101806969,75.83595713,34.92877388,163.3185578
4,GLMNET,prediction,12/09/2021,4.306030533,3.545896286,5.06616478,73.14558555,33.67074632,157.5650279
4,GLMNET,prediction,19/09/2021,4.241861644,3.481727397,5.001995891,68.53718487,31.51584135,147.7096713
4,GLMNET,prediction,26/09/2021,4.141252691,3.381118444,4.901386938,61.88154325,28.40363904,133.4761605
4,GLMNET,prediction,03/10/2021,4.267082025,3.506947778,5.027216272,70.31324147,32.34633189,151.5078808
4,GLMNET,prediction,10/10/2021,3.994045198,3.233910951,4.754179445,53.27399496,24.37871806,115.0683736
4,GLMNET,prediction,17/10/2021,4.044340485,3.284206238,4.804474733,56.0735328,25.68779216,121.0553625
4,GLMNET,prediction,24/10/2021,3.999252831,3.239118584,4.759387078,53.55737122,24.51122583,115.6743917
4,GLMNET,prediction,31/10/2021,4.054255916,3.294121669,4.814390163,56.64225637,25.95372938,122.2716138
4,GLMNET,prediction,07/11/2021,4.173373846,3.413239599,4.933508093,63.93416081,29.3634505,137.865813
4,GLMNET,prediction,14/11/2021,4.421525275,3.661391028,5.181659522,82.22312677,37.91543771,176.9779244
4,GLMNET,prediction,21/11/2021,4.523957888,3.763823641,5.284092135,91.19979326,42.11295971,196.1750939
4,GLMNET,prediction,28/11/2021,4.613048327,3.85291408,5.373182574,99.79092555,46.13020451,214.5477741
4,GLMNET,prediction,05/12/2021,4.393394604,3.633260357,5.153528851,79.91462643,36.83597452,172.0410503
4,GLMNET,prediction,12/12/2021,4.377862522,3.617728275,5.137996769,78.66756361,36.2528434,169.3741275
4,GLMNET,prediction,19/12/2021,4.259631268,3.499497021,5.019765515,69.78387833,32.09879975,150.3758042
4,GLMNET,prediction,26/12/2021,4.093002178,3.332867931,4.853136425,58.919511,27.01858195,127.141667
4,GLMNET,prediction,02/01/2022,4.139015537,3.194596002,5.083435072,61.74102481,23.40031401,160.327276
4,GLMNET,prediction,09/01/2022,4.353646308,3.409226773,5.298065843,76.76148895,29.2418514,198.9497017
4,GLMNET,prediction,16/01/2022,4.372693065,3.42827353,5.3171126,78.25678823,29.82338114,202.7945952
4,GLMNET,prediction,23/01/2022,4.038419484,3.093999949,4.982839019,55.7365988,21.06516121,144.887973
4,GLMNET,prediction,30/01/2022,4.234072601,3.289653066,5.178492136,67.99766069,25.83355257,176.4150914
4,GLMNET,prediction,06/02/2022,4.202239827,3.257820292,5.146659363,65.83586431,24.9928186,170.8564203
4,GLMNET,prediction,13/02/2022,4.344500984,3.400081449,5.28892052,76.05357695,28.9665407,197.1294331
4,GLMNET,prediction,20/02/2022,4.444333342,3.499913807,5.388752877,84.14309761,32.11259777,217.9301825
4,GLMNET,prediction,27/02/2022,4.722654594,3.778235059,5.667074129,111.4664094,42.73877721,288.1871711
4,GLMNET,prediction,06/03/2022,4.91694218,3.972522645,5.861361715,135.5843237,52.11836072,350.2020557
4,GLMNET,prediction,13/03/2022,4.994190851,4.049771316,5.938610386,146.5535043,56.38433266,378.4073334
4,GLMNET,prediction,20/03/2022,4.934842932,3.990423396,5.879262467,138.0513002,53.07778085,356.5454428
4,GLMNET,prediction,27/03/2022,4.79478606,3.850366525,5.739205595,119.8785183,46.01029052,309.8173981
4,GLMNET,prediction,03/04/2022,4.976526125,4.03210659,5.92094566,143.9698986,55.37955484,371.7640554
4,GLMNET,prediction,10/04/2022,5.288976528,4.344556993,6.233396063,197.1405304,76.05789273,508.4827846
4,GLMNET,prediction,17/04/2022,5.439308504,4.494888968,6.383728039,229.2828886,88.55822464,591.1310856
4,GLMNET,prediction,24/04/2022,5.748319956,4.80390042,6.692739491,312.6632492,120.9852847,805.5287064
4,GLMNET,prediction,01/05/2022,6.108394677,5.163975142,7.052814212,448.6163562,173.8581619,1155.107702
4,GLMNET,prediction,08/05/2022,6.243274105,5.29885457,7.187693641,513.5404156,199.1074696,1322.048259
4,GLMNET,prediction,15/05/2022,6.229820473,5.285400938,7.174240008,506.6643359,196.4333261,1304.367655
4,GLMNET,prediction,22/05/2022,6.394921061,5.450501526,7.339340596,597.7960532,231.8749295,1538.696498
4,GLMNET,prediction,29/05/2022,6.626979216,5.682559681,7.571398751,754.1974333,292.7002475,1940.854554
4,GLMNET,prediction,05/06/2022,6.731729854,5.787310319,7.676149389,837.5966616,325.1346453,2155.30069
4,GLMNET,prediction,12/06/2022,6.950580913,6.006161378,7.895000448,1042.755883,404.9221439,2682.830778
4,GLMNET,prediction,19/06/2022,6.949088638,6.004669103,7.893508173,1041.199474,404.3168483,2678.828752
4,GLMNET,prediction,26/06/2022,6.801836146,5.857416611,7.746255681,898.4973847,348.8192564,2311.895961
4,GLMNET,prediction,03/07/2022,7.425791936,6.269356895,8.582226977,1677.728492,527.1376209,5334.975395
4,GLMNET,prediction,10/07/2022,7.354224271,6.197789231,8.510659312,1561.784228,490.6608899,4966.437099
4,GLMNET,prediction,17/07/2022,7.393150394,6.236715353,8.549585434,1623.816871,510.1767154,5163.612912
4,GLMNET,prediction,24/07/2022,7.24915325,6.092718209,8.40558829,1405.913039,441.622919,4470.987815
4,GLMNET,prediction,31/07/2022,7.190097573,6.033662532,8.346532614,1325.232604,416.2403908,4214.538472
4,GLMNET,prediction,07/08/2022,7.137738675,5.981303634,8.294173715,1257.579112,394.9562139,3999.496331
4,GLMNET,prediction,14/08/2022,7.06081762,5.90438258,8.217252661,1164.397629,365.6407844,3703.31139
4,GLMNET,prediction,21/08/2022,7.049395853,5.892960813,8.205830894,1151.162457,361.4769235,3661.242318
4,GLMNET,prediction,28/08/2022,6.939447103,5.783012063,8.095882144,1031.199358,323.7358435,3279.929823
4,GLMNET,prediction,04/09/2022,6.667276402,5.510841361,7.823711442,785.251253,246.3591579,2498.163718
4,GLMNET,prediction,11/09/2022,6.692450128,5.536015087,7.848885168,805.2953606,252.6651492,2561.875549
4,GLMNET,prediction,18/09/2022,6.811729828,5.655294787,7.968164868,907.4408946,284.8007206,2886.553458
4,GLMNET,prediction,25/09/2022,6.685177051,5.52874201,7.841612091,799.4523864,250.826916,2543.303179
4,GLMNET,prediction,02/10/2022,6.592723515,5.436288474,7.749158555,728.7656934,228.5884766,2318.619761
4,GLMNET,prediction,09/10/2022,6.257933229,5.101498188,7.414368269,521.138683,163.2678272,1658.660379
4,GLMNET,prediction,16/10/2022,6.248776224,5.092341184,7.405211265,516.3792809,161.7704919,1643.532231
4,GLMNET,prediction,23/10/2022,6.193730378,5.037295338,7.350165419,488.6693552,153.0527903,1555.453973
4,GLMNET,prediction,30/10/2022,6.197588922,5.041153881,7.354023963,490.5624158,153.648358,1561.47122
4,GLMNET,prediction,06/11/2022,6.132358867,4.975923827,7.288793908,459.5211888,143.8826098,1462.804149
4,GLMNET,prediction,13/11/2022,5.9643156,4.807880559,7.12075064,388.2865091,121.4717706,1236.378912
4,GLMNET,prediction,20/11/2022,5.888371894,4.731936853,7.044806934,359.8173569,112.5152119,1145.88739
4,GLMNET,prediction,27/11/2022,5.930641728,4.774206687,7.087076768,375.3959801,117.4163362,1195.405314
4,GLMNET,prediction,04/12/2022,5.875943269,4.719508229,7.03237831,355.3606462,111.1131051,1131.721371
4,GLMNET,prediction,11/12/2022,5.859685624,4.703250583,7.016120664,349.613902,109.3051464,1113.454876
4,GLMNET,prediction,18/12/2022,5.750914627,4.594479587,6.907349668,313.4781591,97.93663421,998.5944712
4,GLMNET,prediction,25/12/2022,5.836806454,4.680371414,6.993241495,341.6832168,106.8101073,1088.246547